user_id,total_logons,after_hours_logons,weekend_logons,failed_logons,total_emails,emails_with_attachments,external_emails,total_http,suspicious_http,total_file,exe_zip_files,after_hours_file_ops,total_device,num_distinct_pcs,unique_http_domains,unique_external_recipients,total_email_megabytes,label
AAE0190,692,0,0,0,4711,953,1854,49478,5298,0,0,0,0,1,187,633,134.87441730499268,0
AAF0535,328,0,0,0,480,187,147,4878,146,357,15,0,688,1,98,102,13.914826393127441,1
AAF0791,692,0,0,0,3012,0,1645,32870,2518,0,0,0,0,1,253,650,86.05479717254639,0
AAL0706,692,0,0,0,336,71,153,3460,95,0,0,0,0,1,168,98,9.55798053741455,0
AAM0658,458,233,2,0,659,275,265,6498,168,31,1,31,13,1,117,153,18.78848648071289,1
AAN0823,692,0,0,0,339,78,143,3450,158,0,0,0,0,1,104,112,9.631367683410645,0
AAS0442,136,0,0,0,145,65,47,1450,134,0,0,0,0,1,55,39,4.20201301574707,0
AAV0450,692,0,0,0,336,67,140,3460,99,0,0,0,0,1,106,102,9.645663261413574,0
AAW0353,692,0,0,0,1000,0,441,10034,452,0,0,0,0,1,95,249,28.24783706665039,0
ABC0174,829,0,126,0,4239,465,2006,48095,3359,589,39,0,1276,1,216,893,120.66783237457275,1
ABC0253,963,0,0,0,3015,351,1252,32680,1962,0,0,0,0,1,167,519,87.02427864074707,0
ABH0663,692,0,0,0,1006,104,465,10034,457,0,0,0,0,1,164,263,28.144302368164062,0
ABM0845,1002,0,0,0,340,37,173,3460,83,0,0,0,0,2,145,104,9.551151275634766,0
ABN0239,959,0,0,0,3023,602,1144,32870,2297,0,0,0,0,1,175,484,86.53067111968994,0
ACC0042,2724,1300,0,0,3676,1113,1444,39336,4931,0,0,0,0,618,182,548,105.24752902984619,0
ACV0812,1279,484,13,0,3040,949,743,31140,573,0,0,0,0,2,124,347,86.99970817565918,0
ADC0391,968,0,0,0,3057,1208,1031,32870,1711,0,0,0,0,1,159,441,87.3834810256958,0
ADD0846,692,0,0,0,333,76,129,3460,142,0,0,0,0,1,104,88,9.763971328735352,0
ADF0397,692,0,0,0,3038,312,1406,32870,673,0,0,0,0,1,209,595,86.1576919555664,0
AES0827,692,0,0,0,336,0,171,3450,136,0,0,0,0,1,198,114,9.545622825622559,0
AGB0186,692,0,0,0,1003,0,327,10034,1352,0,0,0,0,1,110,193,28.567138671875,0
AGB0643,692,346,0,0,1012,198,500,10034,242,0,0,0,0,1,177,287,29.21688461303711,0
AHC0142,1197,0,100,0,3382,1002,1292,36670,2774,0,0,0,0,3,166,360,97.37170124053955,0
AHD0848,1162,0,87,0,376,126,116,3820,138,199,13,0,299,22,99,92,10.688533782958984,0
AHG0634,465,162,0,0,463,146,259,4740,261,0,0,0,0,2,172,160,13.564132690429688,0
AHM0410,1183,0,9,0,3063,917,814,33440,4771,2198,130,0,782,3,63,410,87.50971221923828,0
AIB0948,1207,0,0,0,328,39,130,3460,190,1669,95,0,5963,34,131,94,9.415931701660156,0
AIH0675,692,0,0,0,2994,626,1223,32775,2096,0,0,0,0,1,157,508,85.7252368927002,0
AIM0627,692,0,0,0,5009,0,1849,55890,5677,0,0,0,0,1,194,822,143.23182582855225,0
AIP0394,1025,49,8,0,3044,892,1170,32775,2825,0,0,0,0,1,195,484,87.72603702545166,0
AIP0982,1000,0,0,0,3328,988,1104,34500,2191,6182,343,0,729,2,86,417,94.75235652923584,0
AIS0405,692,0,0,0,2995,606,1397,32870,1839,0,0,0,0,1,235,632,84.76848602294922,0
AJC0840,692,0,0,0,364,45,157,3460,184,0,0,0,0,1,92,112,10.670318603515625,0
AJD0074,1202,0,118,0,3781,1192,1664,44118,2568,515,17,0,294,2,163,545,108.60926723480225,0
AJF0370,3267,1428,142,0,3927,1199,1927,42445,1774,11053,643,1810,8502,661,235,793,113.63113403320312,0
AJH0175,810,83,7,0,4976,529,2055,52938,7819,236,14,0,317,1,136,933,143.37019062042236,0
AJL0462,1034,56,6,0,338,102,129,3114,71,0,0,0,0,1,96,84,9.684638977050781,0
AJN0607,1177,0,0,0,5022,2034,2173,56052,5333,820,56,0,2061,2,171,948,142.49330520629883,0
AJP0723,692,0,0,0,337,0,155,3460,102,0,0,0,0,1,94,95,9.6988525390625,0
AJR0319,1258,0,279,0,6434,1949,2347,72252,5537,0,0,0,0,1,153,1057,185.91285037994385,0
AJR0932,398,6,1,0,1709,0,616,18527,408,47,1,39,38,1,175,271,48.923428535461426,1
AKC0924,692,0,0,0,3047,617,1240,32870,3179,0,0,0,0,1,140,501,87.01996421813965,0
AKF0709,692,0,0,0,331,0,181,3460,298,0,0,0,0,1,143,118,9.261306762695312,0
AKH0758,692,0,0,0,1008,204,294,10005,1116,0,0,0,0,1,71,166,29.170522689819336,0
AKK0329,692,0,0,0,1011,406,569,10034,814,0,0,0,0,1,223,304,28.905238151550293,0
AKR0057,662,0,0,0,2459,256,908,26463,1005,540,40,0,966,13,177,397,70.49276924133301,1
AKW0167,692,0,0,0,3685,376,1474,39444,2040,0,0,0,0,1,169,677,105.75967979431152,0
ALB0892,470,0,116,0,680,83,187,6815,3,0,0,0,0,1,83,115,19.42383575439453,0
ALC0788,692,0,0,0,1004,400,456,10034,736,0,0,0,0,1,192,250,29.078594207763672,0
ALD0529,968,0,0,0,993,317,424,9976,672,0,0,0,0,1,134,221,28.68001365661621,0
ALD0544,692,0,0,0,2971,1183,1169,32775,2624,0,0,0,0,1,133,457,85.20833778381348,0
ALH0402,692,0,0,0,3039,606,1153,32870,1597,0,0,0,0,1,150,502,86.3900556564331,0
AMD0077,692,0,0,0,5984,1233,2290,65740,3005,0,0,0,0,1,163,887,169.6878833770752,0
AMH0464,692,0,0,0,337,67,126,3460,38,0,0,0,0,1,85,88,9.4549560546875,0
AMH0794,692,0,0,0,2957,618,676,32870,3930,0,0,0,0,1,112,309,84.57607936859131,0
AMJ0297,692,0,0,0,330,0,124,3460,157,0,0,0,0,1,126,87,9.642023086547852,0
AMM0014,692,0,0,0,6029,0,2815,65740,2123,0,0,0,0,1,239,960,173.11508083343506,0
AMR0318,1013,30,5,0,4974,502,1274,56052,7389,230,20,0,281,1,134,529,142.87586402893066,0
AMR0400,692,0,0,0,2987,0,1155,32870,1559,0,0,0,0,1,172,481,84.94502449035645,0
AMV0036,692,0,0,0,4711,0,2150,49478,3159,0,0,0,0,1,232,834,133.9241132736206,0
AMW0392,1254,0,275,0,3956,398,1542,40500,2609,0,0,0,0,1,208,658,112.77106666564941,0
ANM0123,82,0,0,0,270,103,143,2850,162,47,2,0,57,2,103,80,7.696866989135742,0
ANP0555,692,0,0,0,3009,0,1169,32870,3011,0,0,0,0,1,155,488,86.04558563232422,0
ANT0430,1022,0,0,0,3003,1205,921,32870,467,0,0,0,0,3,112,404,85.37037754058838,0
AOB0019,692,0,0,0,3638,409,1013,39444,740,0,0,0,0,1,101,391,103.71828842163086,0
AOK0844,1186,28,331,0,370,109,136,3830,178,1321,86,3,809,15,123,82,10.884531021118164,0
AOS0987,1149,0,0,0,3017,857,1398,31140,1569,0,0,0,0,3,194,343,86.23566627502441,0
APG0307,692,0,0,0,330,73,108,3460,139,0,0,0,0,1,135,82,9.222782135009766,0
AQD0820,692,346,0,0,3018,594,1245,32870,2301,0,0,0,0,1,181,518,87.4882173538208,0
ARA0252,963,0,0,0,2981,1222,1262,32870,4040,0,0,0,0,1,155,533,84.92275428771973,0
ARB0834,422,0,0,0,207,49,116,2110,59,0,0,0,0,1,121,85,5.860075950622559,0
ARB0881,692,0,0,0,1016,386,465,10034,567,0,0,0,0,1,135,243,28.773792266845703,0
ARD0509,724,0,0,0,994,304,250,10380,298,0,0,0,0,3,82,152,28.996740341186523,0
ARL0034,692,0,0,0,4670,946,1836,49478,3658,0,0,0,0,1,125,727,133.962082862854,0
ASB0796,530,0,0,0,2298,484,972,25175,3282,0,0,0,0,1,196,403,66.38301277160645,0
ASD0577,692,0,0,0,329,0,184,3450,119,0,0,0,0,1,182,127,9.490785598754883,0
ASG0048,692,0,0,0,3631,1475,1438,39444,2451,0,0,0,0,1,178,374,103.84821796417236,0
ASG0692,692,0,0,0,2990,304,1254,32870,988,0,0,0,0,1,169,542,84.7112512588501,0
ASL0378,966,0,0,0,2992,625,934,32870,2150,0,0,0,0,1,103,396,86.06913948059082,0
ASM0575,967,0,0,0,330,130,132,3450,85,0,0,0,0,1,115,87,9.418869018554688,0
ASS0206,692,0,0,0,4660,0,2062,49335,1835,0,0,0,0,1,165,779,132.97730922698975,0
ASS0517,961,0,0,0,1011,304,292,10034,648,0,0,0,0,1,89,156,29.556011199951172,0
ASV0946,956,0,0,0,331,138,130,3450,187,0,0,0,0,1,103,93,9.724884986877441,0
ATE0869,1427,17,391,0,7519,2298,3334,74205,6965,522,29,0,419,4,222,1431,214.7876796722412,0
ATF0274,692,0,0,0,3019,922,1437,32870,1422,0,0,0,0,1,197,617,85.26621055603027,0
ATP0662,1245,106,84,0,5103,2009,2294,53339,2650,1273,70,0,784,2,198,964,145.37917613983154,0
AVM0947,750,0,0,0,337,40,104,3114,179,7701,460,0,5984,30,52,78,9.816761016845703,0
AWM0764,692,0,0,0,1003,108,499,10034,1037,0,0,0,0,1,170,267,28.650083541870117,0
BAH0875,930,133,14,0,5386,556,1673,56052,6039,0,0,0,0,3,132,735,154.77852153778076,0
BAJ0654,776,375,0,0,986,290,305,10034,411,2919,163,158,279,42,63,182,28.13758659362793,0
BAK0964,692,0,0,0,340,74,95,3460,148,0,0,0,0,1,81,70,9.877927780151367,0
BAL0044,3146,1358,4,0,3696,1116,1568,41379,7214,2900,178,1517,2258,628,209,657,106.06686115264893,0
BAM0611,957,0,0,0,5016,1517,1480,56052,7249,0,0,0,0,1,141,664,143.30493354797363,0
BAM0636,692,346,0,0,1001,100,312,10005,1479,0,0,0,0,1,72,182,28.503016471862793,0
BBG0325,1011,0,0,0,5032,1517,2095,56052,3865,349,16,0,729,2,174,961,142.68142986297607,0
BBH0810,692,346,0,0,3035,0,1187,32870,1044,0,0,0,0,1,173,530,87.71868896484375,0
BBS0039,1326,654,0,0,1679,343,797,17878,1743,1,1,0,4,385,185,367,47.642300605773926,1
BBS0422,996,109,139,0,3487,1047,1012,37525,398,499,25,1,305,3,103,468,99.3244104385376,0
BCB0679,938,0,0,0,2439,997,1208,26695,968,0,0,0,0,3,230,529,69.92607116699219,0
BCM0653,692,346,0,0,1021,108,539,10034,310,0,0,0,0,1,204,278,29.38532066345215,0
BCR0581,1110,0,0,0,329,132,124,3460,90,0,0,0,0,3,123,94,9.391900062561035,0
BDB0453,800,81,3,0,338,0,140,3460,178,0,0,0,0,1,127,93,9.455145835876465,0
BDI0533,1378,0,305,0,1302,385,581,13530,274,2458,138,0,1840,2,188,305,36.977999687194824,0
BDV0168,340,8,0,0,2427,511,952,26733,3685,36,1,32,32,1,146,470,69.585693359375,1
BEC0505,692,0,0,0,5019,1524,1989,52938,2978,0,0,0,0,1,152,873,143.5960054397583,0
BEH0615,1096,0,4,0,5123,1528,1425,57024,6941,268,18,0,780,22,113,645,147.0755958557129,0
BER0314,692,0,0,0,4963,518,2065,56052,3502,0,0,0,0,1,210,827,143.11979579925537,0
BHC0665,926,0,0,0,2973,1183,886,32775,2587,0,0,0,0,3,118,424,85.75360870361328,0
BHW0458,692,0,0,0,333,74,133,3460,107,0,0,0,0,1,141,100,9.82022762298584,0
BIH0745,296,7,0,0,2087,835,1188,23329,1221,41,2,40,22,1,253,562,59.210296630859375,1
BIS0247,1056,74,14,0,2984,303,1144,31140,2207,418,28,0,232,1,161,487,85.95193767547607,0
BJH0354,692,0,0,0,4727,0,1092,49478,2316,0,0,0,0,1,107,483,134.6466579437256,0
BJH0811,692,346,0,0,3038,0,1431,32870,1311,0,0,0,0,1,248,599,86.62874126434326,0
BJM0111,884,89,68,0,1082,348,326,10672,277,7841,456,38,5821,1,98,165,30.834014892578125,0
BJP0134,966,0,0,0,338,103,134,3460,239,8072,419,0,5940,6,106,93,9.77462100982666,0
BJW0619,692,0,0,0,4973,516,1878,56052,3356,0,0,0,0,1,127,837,141.6239824295044,0
BKW0374,2716,1281,0,0,3612,708,1339,39388,1711,0,0,0,0,620,140,592,103.54111194610596,0
BLB0114,1109,0,0,0,3016,1242,1222,31140,1566,0,0,0,0,2,154,535,86.46370601654053,0
BLL0929,692,0,0,0,2981,605,1189,32870,1716,0,0,0,0,1,209,522,85.44509696960449,0
BLS0678,571,7,0,0,1729,708,706,19097,2251,5,0,5,8,1,198,312,49.08605766296387,1
BMC0547,692,0,0,0,3034,0,1435,32870,2323,0,0,0,0,1,208,615,87.6616039276123,0
BMG0917,1005,29,6,0,3039,331,886,34600,4225,7692,451,24,5955,1,116,401,86.45954895019531,0
BMM0112,692,0,0,0,1013,209,413,10034,480,0,0,0,0,1,100,222,28.905244827270508,0
BMS0877,252,0,0,0,1786,700,573,20412,2474,0,0,0,0,1,101,300,50.8682861328125,0
BMT0528,744,0,0,0,1010,396,381,10034,1055,1903,121,0,1420,2,119,204,29.095532417297363,0
BNG0237,955,0,0,0,3008,1208,823,32870,1754,0,0,0,0,1,74,367,85.73448181152344,0
BNR0965,962,0,0,0,333,134,150,3460,162,0,0,0,0,1,154,102,9.318368911743164,0
BQS0525,112,0,32,0,142,44,51,1323,36,57,1,0,782,8,87,42,4.022069931030273,0
BRB0355,1552,0,346,0,4389,1302,1289,45500,3491,712,46,0,1792,3,120,586,125.56289386749268,0
BRM0995,1015,357,0,0,3044,922,1227,34600,1498,590,33,67,5932,4,169,469,86.06582927703857,0
BRS0734,220,0,34,0,1497,423,413,17820,528,1845,101,0,256,1,92,198,42.181068420410156,0
BSA0431,692,0,0,0,3044,299,1586,32870,794,0,0,0,0,1,212,681,87.0473985671997,0
BSB0990,692,0,0,0,3015,621,939,32870,1605,0,0,0,0,1,157,371,86.01266193389893,0
BSH0445,692,0,0,0,3043,602,1207,32870,833,0,0,0,0,1,126,549,85.94973278045654,0
BSS0369,1924,807,360,0,2300,216,841,28561,3773,2295,133,913,5472,504,147,385,66.63826370239258,1
BSS0463,728,0,0,0,335,132,130,3460,105,0,0,0,0,2,110,91,9.793424606323242,0
BTL0226,647,8,0,0,1862,568,728,20238,1868,4,0,4,16,20,146,334,53.419310569763184,1
BTL0722,692,0,0,0,334,71,179,3460,166,0,0,0,0,1,160,120,9.437895774841309,0
BTN0061,1132,0,0,0,3031,1207,940,32870,1434,0,0,0,0,17,131,422,87.35825729370117,0
BTR0403,1114,0,0,0,3003,294,1436,32870,1140,520,42,0,756,21,208,616,85.40469551086426,0
BTS0011,692,0,0,0,5930,1214,2094,65740,1177,0,0,0,0,1,136,769,168.93646907806396,0
BTW0005,932,0,0,0,8950,3593,4008,98610,7582,0,0,0,0,2,250,1292,256.4962730407715,0
BVC0790,1585,73,320,0,3768,1139,1668,41135,862,975,57,9,1749,3,151,762,106.57256412506104,0
BVN0514,236,0,0,0,327,43,79,3190,47,0,0,0,0,2,71,59,9.338506698608398,0
BWH0813,692,346,0,0,3035,1205,1089,32870,2918,0,0,0,0,1,149,474,87.42018795013428,0
BWP0202,1335,129,16,0,3663,1118,1481,39444,3068,627,41,10,257,2,145,401,104.18032264709473,0
BXJ0010,692,0,0,0,6058,0,2418,65740,5945,0,0,0,0,1,141,948,172.6811761856079,0
BYP0070,476,0,0,0,2060,0,733,22610,2181,0,0,0,0,1,158,327,59.00553226470947,0
CAA0612,959,0,0,0,5372,1627,2032,58820,2738,641,35,0,254,1,126,881,153.36201286315918,0
CAB0388,956,0,0,0,2946,1142,1232,32775,2399,0,0,0,0,1,129,538,83.50462436676025,0
CAB0614,1112,0,0,0,5335,1620,2466,56052,4929,931,50,0,733,15,198,1061,153.06750297546387,0
CAC0889,120,0,0,0,170,17,82,1740,5,0,0,0,0,1,70,59,4.839781761169434,0
CAH0936,567,11,0,0,1512,465,635,17202,468,42,3,38,25,19,185,302,43.50177574157715,1
CAM0102,692,0,0,0,3038,0,1039,32870,2611,0,0,0,0,1,157,461,87.1037073135376,0
CAM0681,959,0,0,0,3033,907,1179,34600,4409,759,42,0,717,1,149,490,86.98217391967773,0
CAN0842,692,0,0,0,338,0,169,3460,58,0,0,0,0,1,138,103,9.793519020080566,0
CAS0507,1201,14,1,0,1003,293,565,10005,358,6290,374,24,759,3,211,301,29.126975059509277,0
CBB0365,3256,1367,0,0,3690,770,957,39444,1502,0,0,0,0,634,86,455,106.10799980163574,0
CBG0398,692,0,0,0,3019,612,1406,32870,612,0,0,0,0,1,210,636,86.93562698364258,0
CBG0490,692,0,0,0,5029,1018,2015,56052,9212,0,0,0,0,1,136,877,142.32920932769775,0
CCA0046,1608,754,0,0,2157,637,616,22744,2750,1678,122,852,1511,447,104,295,61.12862014770508,1
CCC0393,692,0,0,0,3056,299,1187,32870,1116,0,0,0,0,1,215,532,87.90310382843018,0
CCH0182,692,0,0,0,1012,400,396,10034,1038,0,0,0,0,1,107,227,29.076281547546387,0
CCH0685,1007,0,0,0,3049,1236,1103,32870,1382,0,0,0,0,2,185,500,86.40663528442383,0
CCL0068,576,0,0,0,2521,491,942,27464,3251,630,30,0,1262,1,171,399,72.41171169281006,1
CCM0136,997,0,0,0,334,109,117,3096,72,137,9,0,239,2,106,88,9.610871315002441,0
CCM0467,692,0,0,0,335,67,109,3460,43,0,0,0,0,1,65,81,9.414131164550781,0
CCM0855,692,0,0,0,5114,510,2314,56052,4252,0,0,0,0,1,213,1015,146.62798690795898,0
CCR0863,692,0,0,0,5096,0,2665,56052,6949,0,0,0,0,1,238,1142,146.04049491882324,0
CCW0031,692,0,0,0,4717,968,1893,49478,3127,0,0,0,0,1,132,789,134.90129947662354,0
CCW0524,692,0,0,0,1009,194,382,10005,431,0,0,0,0,1,93,219,28.665339469909668,0
CEB0210,692,0,0,0,4610,890,1828,49335,1614,0,0,0,0,1,162,724,131.3487148284912,0
CEJ0109,636,0,0,0,2751,0,1035,30330,37,679,47,0,1274,1,134,459,78.8908338546753,1
CEL0561,961,0,0,0,3001,613,1307,32775,1300,0,0,0,0,1,213,546,85.88934135437012,0
CFG0959,874,0,0,0,338,136,103,3460,171,0,0,0,0,2,40,84,9.8245849609375,0
CFM0767,1096,62,4,0,1005,106,367,10034,1350,778,49,0,745,7,98,211,28.311365127563477,0
CFW0264,120,0,0,0,524,0,210,5700,366,0,0,0,0,1,108,107,14.976852416992188,0
CGA0629,692,0,0,0,5046,0,1462,56052,6625,0,0,0,0,1,137,667,145.13557529449463,0
CGB0637,956,346,0,0,1020,321,510,10034,454,2333,121,212,2155,1,179,277,28.79256534576416,0
CGF0337,692,0,0,0,1012,0,405,10034,1384,0,0,0,0,1,148,220,29.175477027893066,0
CHG0146,692,0,0,0,4648,939,2323,49478,2264,0,0,0,0,1,244,725,133.44286632537842,0
CHM0821,1221,16,0,0,338,118,143,3460,112,1228,74,0,733,3,102,102,9.763322830200195,0
CIG0052,692,0,0,0,3689,383,1406,39444,1708,0,0,0,0,1,180,506,105.73867321014404,0
CIM0271,997,0,0,0,2991,878,796,32870,502,1552,90,0,1442,3,99,359,85.06192398071289,0
CIM0926,460,0,0,0,2004,182,817,21755,3783,0,0,0,0,2,128,373,57.05634880065918,0
CJC0494,692,0,0,0,5031,1009,1420,56052,5846,0,0,0,0,1,133,655,143.4482078552246,0
CJF0802,1100,71,10,0,3030,910,971,34600,4254,0,0,0,0,2,128,452,87.07980632781982,0
CJG0470,692,0,0,0,337,0,84,3460,12,0,0,0,0,1,73,69,9.556264877319336,0
CJH0702,692,0,0,0,337,0,123,3460,197,0,0,0,0,1,73,92,9.897571563720703,0
CJK0200,692,0,0,0,3674,0,1341,39444,2441,0,0,0,0,1,150,364,104.55877304077148,0
CJM0138,692,0,0,0,326,136,98,3460,143,0,0,0,0,1,75,75,9.184983253479004,0
CJM0521,928,0,226,0,1334,125,531,13427,682,0,0,0,0,1,112,285,37.78923225402832,0
CJP0952,1034,18,3,0,335,104,140,3460,164,0,0,0,0,2,79,90,9.905179977416992,0
CJV0286,963,0,0,0,1006,411,352,10034,555,0,0,0,0,1,143,177,28.46821117401123,0
CKB0427,692,0,0,0,3029,655,1320,32870,475,0,0,0,0,1,174,567,85.73227977752686,0
CKB0482,692,0,0,0,5036,0,2467,56052,2605,0,0,0,0,1,238,1062,144.5440273284912,0
CKD0680,692,0,0,0,3045,596,1233,32870,2903,0,0,0,0,1,161,524,86.11687278747559,0
CKH0144,692,0,0,0,3015,1188,1086,32775,989,0,0,0,0,1,121,305,86.27061462402344,0
CKP0721,692,0,0,0,337,0,152,3460,206,0,0,0,0,1,123,98,9.80279541015625,0
CLB0774,848,99,17,0,1000,297,482,10034,711,7246,414,122,5966,1,177,262,29.213290214538574,0
CLD0894,692,0,0,0,1011,0,391,10034,1122,0,0,0,0,1,151,225,29.205596923828125,0
CLF0852,1196,0,0,0,4988,1993,2437,56052,2797,0,0,0,0,3,259,1047,143.8531093597412,0
CLH0703,692,0,0,0,332,36,161,3460,186,0,0,0,0,1,150,108,9.741536140441895,0
CLS0296,692,0,0,0,336,0,111,3460,176,0,0,0,0,1,86,83,9.52779769897461,0
CMB0912,1378,0,220,0,5723,1690,2622,60489,1535,0,0,0,0,46,251,1122,164.05711936950684,0
CMM0487,692,0,0,0,5005,0,2565,55890,4913,0,0,0,0,1,242,1166,143.75638389587402,0
CMS0454,692,0,0,0,336,73,82,3450,121,0,0,0,0,1,62,65,9.626054763793945,0
CMW0783,692,0,0,0,996,0,414,10034,1310,0,0,0,0,1,119,223,28.710530281066895,0
CNB0900,692,0,0,0,1007,0,403,10005,1106,0,0,0,0,1,98,210,29.216490745544434,0
CNE0352,692,0,0,0,5950,637,2015,65740,1319,0,0,0,0,1,68,877,169.417818069458,0
CNM0800,692,0,0,0,2994,1149,797,32870,2632,0,0,0,0,1,82,365,84.5061902999878,0
COF0120,596,302,10,0,2554,736,789,29754,821,0,0,0,0,1,125,302,73.42237758636475,0
COM0321,692,0,0,0,5016,0,2161,56052,4164,0,0,0,0,1,223,914,143.65239238739014,0
CPG0322,1006,0,0,0,5012,1510,2025,52938,4772,337,19,0,258,35,130,912,142.73563957214355,0
CQH0701,963,0,0,0,334,107,181,3460,180,243,15,0,271,1,157,119,9.644786834716797,0
CQH0730,692,0,0,0,5068,497,1259,56052,1415,0,0,0,0,1,97,563,145.01325035095215,0
CQW0652,654,327,0,0,974,0,375,9603,381,696,37,46,1330,1,156,196,28.25135040283203,1
CRD0624,100,9,0,0,638,73,262,7290,654,0,0,0,0,1,131,158,18.36578941345215,0
CRK0916,997,29,9,0,3363,358,1390,32870,3007,0,0,0,0,1,175,571,95.89679336547852,0
CRO0027,1009,12,4,0,3037,942,1222,34600,1316,0,0,0,0,3,136,299,87.23946952819824,0
CRP0456,692,0,0,0,335,135,114,3460,110,0,0,0,0,1,106,75,9.633097648620605,0
CSB0080,692,0,0,0,3715,0,1717,39444,3776,0,0,0,0,1,215,700,106.36870765686035,0
CSC0217,934,434,0,0,1158,0,518,12885,1683,1,1,0,4,289,180,249,32.908066749572754,1
CSH0626,1294,101,142,0,5340,1594,1969,63990,8244,0,0,0,0,3,126,856,152.6798276901245,0
CSJ0340,692,0,0,0,1017,199,486,10034,1232,0,0,0,0,1,133,256,29.600802421569824,0
CSL0949,692,0,0,0,338,0,157,3460,348,0,0,0,0,1,146,102,9.477511405944824,0
CSP0197,1208,0,0,0,3676,1136,1460,39444,1450,0,0,0,0,2,180,453,105.36582660675049,0
CTA0020,1010,0,0,0,3640,1085,1574,37368,1262,606,28,0,5942,4,171,581,103.99710750579834,0
CTR0341,1604,176,447,0,1467,451,456,14239,1889,0,0,0,0,3,99,251,42.05383014678955,0
CTR0697,963,6,0,0,334,109,150,3460,204,0,0,0,0,1,104,114,9.197211265563965,0
CTW0500,692,0,0,0,4974,1971,2125,56052,2103,0,0,0,0,1,196,965,142.70799255371094,0
CUD0795,692,0,0,0,3023,1217,1088,32870,3544,0,0,0,0,1,155,438,86.88121891021729,0
CWB0065,1188,0,0,0,2985,901,1242,32775,1712,0,0,0,0,2,214,472,84.8571605682373,0
CWR0502,1122,0,0,0,4677,1382,2004,56052,2589,765,43,0,694,2,214,892,133.68202114105225,0
CXC0336,692,0,0,0,1000,208,299,10005,1359,0,0,0,0,1,78,165,28.575855255126953,0
CYA0506,210,0,0,0,301,0,107,3045,121,0,0,0,0,1,109,66,8.656569480895996,0
DAG0558,692,0,0,0,2983,576,1414,32870,1096,0,0,0,0,1,210,589,85.11689949035645,0
DAL0673,993,0,0,0,3008,907,1217,34500,1954,352,22,0,661,3,150,534,85.43290710449219,0
DAR0885,116,10,33,0,109,36,53,1073,87,0,0,0,0,5,131,42,3.011052131652832,0
DBB0384,692,0,0,0,3001,301,1111,32870,1070,8543,465,0,5932,1,130,481,86.93430805206299,0
DBG0261,692,0,0,0,3011,599,949,32870,2043,0,0,0,0,1,86,413,86.58507442474365,0
DBS0235,748,0,0,0,3034,319,1602,32870,3004,0,0,0,0,29,257,638,86.63411521911621,0
DBW0483,691,0,0,0,5068,1004,1464,56052,10468,0,0,0,0,1,119,658,145.5825138092041,0
DCC0160,692,0,0,0,6027,1252,1622,65740,2171,0,0,0,0,1,105,589,171.67553043365479,0
DCH0843,588,5,2,0,281,57,124,2891,87,38,2,27,46,1,121,71,7.892599105834961,1
DDA0476,692,0,0,0,5045,1046,1792,56052,2628,0,0,0,0,1,158,825,144.03409576416016,0
DDM0579,692,0,0,0,337,0,140,3460,192,0,0,0,0,1,103,87,9.73353385925293,0
DEB0782,692,0,0,0,1004,292,389,10005,1239,0,0,0,0,1,94,218,29.026490211486816,0
DFH0188,1133,0,0,0,1012,99,307,10034,1336,6281,372,0,807,3,93,186,28.734426498413086,0
DFR0218,2714,1253,0,0,3725,366,1916,39354,2776,0,0,0,0,614,184,740,106.39323997497559,0
DGF0443,692,0,0,0,3007,0,1016,32870,1249,0,0,0,0,1,137,431,86.95229816436768,0
DGM0754,58,0,0,0,431,0,168,4698,551,0,0,0,0,1,149,101,12.280435562133789,0
DGN0480,658,0,0,0,4798,949,1695,53298,1570,0,0,0,0,1,167,747,136.7433156967163,0
DGW0752,964,0,0,0,4986,2025,2624,56052,2636,0,0,0,0,1,244,1119,142.56043434143066,0
DHM0937,692,0,0,0,3025,633,1287,32870,823,0,0,0,0,1,207,529,87.1839771270752,0
DIB0081,551,0,0,0,1418,563,467,15390,1698,1580,89,0,989,3,131,213,40.35621166229248,0
DIB0285,368,0,0,0,1613,320,598,17596,472,375,18,0,779,1,136,284,45.53909397125244,1
DIC0988,692,0,0,0,3007,0,895,32870,4848,0,0,0,0,1,101,252,86.6572093963623,0
DID0650,692,346,0,0,1022,0,585,10005,318,0,0,0,0,1,200,287,28.987296104431152,0
DIW0118,1209,0,0,0,4658,1387,1463,49478,2711,1314,82,0,1359,3,150,607,133.1466064453125,0
DJB0159,1002,0,0,0,6351,1929,2906,65550,2022,0,0,0,0,2,168,763,181.33826160430908,0
DJS0682,692,0,0,0,3003,0,1328,32870,1697,0,0,0,0,1,187,556,84.74760627746582,0
DKB0631,692,346,0,0,1007,308,419,10034,1361,0,0,0,0,1,101,214,28.82991886138916,0
DLF0377,692,0,0,0,3025,605,1022,32870,4316,0,0,0,0,1,112,455,86.59455299377441,0
DLH0029,692,0,0,0,3040,327,1176,32870,3180,0,0,0,0,1,132,324,86.99368858337402,0
DLM0051,1367,0,294,0,7573,2260,3600,82840,2727,10673,597,0,7533,3,215,1187,216.3456048965454,0
DLS0383,949,0,0,0,2987,1202,1343,31140,2017,0,0,0,0,1,178,557,84.94549655914307,0
DMG0358,3038,1335,0,0,3691,1526,1562,39424,2194,0,0,0,0,633,227,671,104.79055786132812,0
DMK0257,1160,118,16,0,3008,1175,811,32870,2747,1499,84,25,1371,2,99,362,86.08456039428711,0
DMM0623,982,0,9,0,5217,2072,2047,57510,12814,0,0,0,0,1,172,880,149.3458766937256,0
DOL0332,692,0,0,0,1008,314,379,10034,1137,0,0,0,0,1,114,222,28.92774772644043,0
DOP0562,692,0,0,0,2986,613,1086,32870,820,0,0,0,0,1,178,463,86.49435234069824,0
DPM0423,914,0,0,0,3017,1201,1146,32870,4229,1403,83,0,2131,2,131,527,86.36264896392822,0
DPS0262,254,20,4,0,946,100,263,10545,543,0,0,0,0,1,85,133,27.017595291137695,0
DRR0162,512,0,0,0,2737,794,1059,29293,1699,529,30,0,1116,1,138,225,78.67312908172607,1
DRR0242,884,0,188,0,3836,405,1407,39600,3276,0,0,0,0,1,134,560,108.48671817779541,0
DSB0731,692,0,0,0,4936,981,1836,56052,9775,0,0,0,0,1,130,853,141.55627536773682,0
DSM0591,692,0,0,0,338,0,132,3460,142,0,0,0,0,1,121,82,9.775477409362793,0
DTP0379,1076,0,0,0,3311,975,1344,32775,3948,0,0,0,0,4,162,561,95.05474853515625,0
DTT0076,692,0,0,0,6019,0,1639,65740,4080,0,0,0,0,1,115,704,172.00022411346436,0
DVM0265,796,0,0,0,3022,907,958,34600,1792,0,0,0,0,3,72,375,86.31575965881348,0
DVW0103,692,0,0,0,3049,0,1105,32870,1069,0,0,0,0,1,182,503,87.23833847045898,0
DZC0228,692,0,0,0,3032,309,1328,32870,1401,0,0,0,0,1,168,543,86.80768775939941,0
EAH0466,104,0,0,0,34,12,17,350,13,358,24,0,30,3,64,17,1.0391225814819336,0
EBC0390,692,0,0,0,3018,0,913,32870,1909,0,0,0,0,1,102,395,86.11437892913818,0
ECF0828,422,0,0,0,207,0,78,2110,71,0,0,0,0,1,95,59,6.0874176025390625,0
ECL0930,963,0,0,0,3041,1196,905,32870,1858,0,0,0,0,1,122,412,86.96944522857666,0
ECR0822,692,0,0,0,339,0,129,3460,173,0,0,0,0,1,99,89,9.858176231384277,0
EDA0684,88,9,0,0,304,100,114,3325,253,0,0,0,0,2,120,62,8.910659790039062,0
EDB0714,484,0,0,0,255,71,114,2548,149,526,28,0,1070,1,135,72,7.6261186599731445,1
EFS0882,692,0,0,0,1009,0,407,10034,950,0,0,0,0,1,104,211,28.582218170166016,0
EGD0132,378,0,0,0,195,21,61,2037,63,399,22,0,833,1,65,43,5.358162879943848,1
EGD0409,388,0,0,0,1239,372,533,13300,602,0,0,0,0,1,101,260,35.829301834106445,0
EGK0893,692,0,0,0,997,95,446,10034,176,0,0,0,0,1,99,231,28.31102466583252,0
EHB0420,1651,121,321,0,3767,1130,1792,38880,865,0,0,0,0,3,201,764,107.3736686706543,0
EHB0824,328,7,0,0,153,17,44,1594,41,14,0,14,26,1,58,39,4.36036491394043,1
EHD0584,641,9,2,0,208,73,89,1893,64,11,0,8,14,3,126,64,6.182114601135254,1
EHR0096,692,0,0,0,3019,0,1223,32870,634,0,0,0,0,1,157,542,86.19149494171143,0
EIM0156,692,0,0,0,3014,1208,1106,32870,775,0,0,0,0,1,92,263,85.60056781768799,0
EIP0997,692,0,0,0,3017,0,1154,32870,1875,0,0,0,0,1,124,453,85.87797737121582,0
EIS0041,3052,1343,0,0,3287,1005,1983,39270,2744,3676,209,1579,2644,622,241,776,93.08990573883057,0
EJW0884,691,0,0,0,1026,100,428,10034,448,0,0,0,0,1,109,231,28.645832061767578,0
ELB0847,762,0,0,0,336,43,134,3450,242,0,0,0,0,3,88,96,9.321294784545898,0
ELH0960,692,0,0,0,333,0,103,3460,206,0,0,0,0,1,76,82,9.424527168273926,0
ELT0769,692,0,0,0,1004,0,358,10034,1932,0,0,0,0,1,100,205,28.683460235595703,0
EMB0531,965,0,0,0,990,377,480,10034,544,0,0,0,0,1,122,238,28.20059299468994,0
EMS0317,692,0,0,0,4965,977,2502,56052,6658,0,0,0,0,1,222,1092,141.88246059417725,0
EMW0105,692,0,0,0,3646,0,1984,39216,571,0,0,0,0,1,250,831,104.27331161499023,0
EMW0772,722,0,0,0,998,112,459,10034,1558,181,10,0,260,3,146,255,28.71416473388672,0
ENC0234,771,0,0,0,2268,234,670,24605,1349,0,0,0,0,2,94,301,64.37514209747314,0
ENL0100,692,0,0,0,3029,602,929,32870,1862,0,0,0,0,1,100,447,87.46331310272217,0
EPW0434,692,0,0,0,3053,590,1614,32870,820,0,0,0,0,1,258,724,87.80398178100586,0
ERH0449,692,0,0,0,332,0,130,3450,30,0,0,0,0,1,113,87,9.478304862976074,0
ESA0642,692,346,0,0,1004,0,484,10034,603,0,0,0,0,1,175,266,28.45410442352295,0
ESH0135,692,0,0,0,327,129,180,3460,179,0,0,0,0,1,160,104,9.182263374328613,0
ESH0283,762,0,0,0,3049,879,1162,32870,2233,2646,157,0,277,35,150,517,87.79339504241943,0
ESJ0670,1030,0,258,0,4582,455,2054,44650,2131,3303,182,0,366,3,196,836,130.1866273880005,0
ESR0693,384,0,0,0,1475,570,361,16055,535,509,23,0,391,2,98,164,41.97766876220703,0
ETR0177,692,0,0,0,3711,0,1142,39330,2841,0,0,0,0,1,99,407,105.84063720703125,0
ETR0428,834,0,0,0,3034,891,1728,34600,1372,0,0,0,0,3,256,728,86.5573616027832,0
EWH0191,959,0,0,0,4649,1852,2046,49478,3932,0,0,0,0,1,207,655,132.71852684020996,0
EZH0736,692,0,0,0,4974,525,1578,56052,6094,0,0,0,0,1,111,699,141.83797931671143,0
EZT0640,1197,378,0,0,1015,423,483,10034,539,0,0,0,0,2,162,227,29.05305576324463,0
FAW0032,708,1,0,0,4723,925,1631,49478,5901,0,0,0,0,1,138,704,134.65614414215088,0
FBA0348,696,1,0,0,4704,0,2042,49478,1328,0,0,0,0,1,155,860,133.48352718353271,0
FBW0747,796,0,40,0,5369,543,2086,59292,2032,0,0,0,0,3,149,934,154.384370803833,0
FDE0117,692,0,0,0,4724,921,2156,49478,980,0,0,0,0,1,156,778,134.80131244659424,0
FEB0306,1118,0,0,0,329,102,115,3460,248,1157,59,0,719,2,115,81,9.283339500427246,0
FFC0891,745,35,5,0,566,227,285,5684,152,961,61,12,833,2,113,162,15.86007308959961,0
FGW0853,910,101,14,0,4663,1453,2013,56052,3631,0,0,0,0,4,112,885,132.16772842407227,0
FHO0630,692,0,0,0,4993,1999,2247,56052,5805,0,0,0,0,1,217,949,143.93464469909668,0
FHS0837,692,0,0,0,337,0,153,3450,132,0,0,0,0,1,140,97,9.49326229095459,0
FIR0920,878,0,0,0,3006,1188,945,32870,4750,0,0,0,0,2,96,415,85.64589500427246,0
FKB0163,692,0,0,0,3032,289,1550,32870,1167,0,0,0,0,1,218,354,86.91104507446289,0
FKK0055,1345,0,335,0,4039,1630,1910,46400,3395,601,39,0,344,3,225,691,116.25122928619385,0
FLM0213,691,0,0,0,4668,892,1347,49335,1342,0,0,0,0,1,120,573,134.0270481109619,0
FMG0527,548,7,0,0,790,313,249,7832,376,23,0,15,24,1,83,136,22.059367179870605,1
FOB0756,1479,0,255,0,1242,360,651,12325,986,165,8,0,309,2,222,315,35.82108020782471,0
FPC0954,692,0,0,0,340,0,104,3460,130,0,0,0,0,1,64,79,9.491241455078125,0
FQA0854,702,0,0,0,5005,1514,2222,56052,3279,0,0,0,0,6,193,987,143.90535259246826,0
FRB0023,692,0,0,0,3668,1470,1942,39444,2147,0,0,0,0,1,198,545,104.67926597595215,0
FRL0511,692,0,0,0,1004,407,366,10005,21,0,0,0,0,1,72,192,28.29841423034668,0
FRR0832,692,0,0,0,336,138,137,3460,36,0,0,0,0,1,76,98,9.688486099243164,0
FSB0399,670,0,0,0,2924,555,1250,31825,1785,0,0,0,0,1,244,558,83.97498226165771,0
FSC0601,648,0,0,0,4180,433,1756,49708,5620,653,46,0,1263,2,190,768,119.7705192565918,1
FTM0406,498,6,0,0,2136,0,969,23277,721,33,1,33,36,1,202,431,61.06647968292236,1
FUM0015,692,0,0,0,6114,2467,2592,65740,2729,0,0,0,0,1,190,898,174.74466800689697,0
FWM0707,748,0,0,0,333,136,160,3460,194,0,0,0,0,3,119,110,9.543909072875977,0
FXF0957,692,0,0,0,335,67,129,3460,100,0,0,0,0,1,106,87,9.857855796813965,0
GAF0060,692,0,0,0,3031,1207,1224,32870,2022,0,0,0,0,1,115,521,86.6086654663086,0
GAF0570,999,0,0,0,3003,884,1121,34600,508,0,0,0,0,21,172,505,86.15291786193848,0
GBM0603,644,0,0,0,4673,936,2047,52164,4863,0,0,0,0,1,211,922,132.36511516571045,0
GCC0744,692,0,0,0,5063,0,2286,56052,4420,0,0,0,0,1,206,991,144.50635147094727,0
GCC0945,692,0,0,0,337,44,151,3460,176,0,0,0,0,1,94,104,9.440387725830078,0
GCG0951,1035,0,0,0,375,102,157,3460,342,0,0,0,0,2,76,108,10.568345069885254,0
GCL0016,1125,0,122,0,4126,1245,1653,44232,1809,199,15,0,267,3,158,593,118.37586879730225,0
GCR0554,692,0,0,0,3008,643,928,32870,2109,0,0,0,0,1,97,378,85.31417655944824,0
GCS0518,692,0,0,0,1001,0,382,10034,368,0,0,0,0,1,130,218,28.71402072906494,0
GCS0571,988,0,0,0,332,33,91,3460,21,564,37,0,275,2,59,62,9.551060676574707,0
GDF0704,1012,0,0,0,338,120,105,3460,212,0,0,0,0,3,73,71,9.839472770690918,0
GHH0288,808,13,4,0,336,108,104,3460,127,1563,91,0,1428,3,56,72,9.793957710266113,0
GHL0460,464,3,1,0,217,57,82,2291,53,41,2,41,22,1,109,59,5.9095611572265625,1
GJD0298,692,0,0,0,339,129,150,3460,175,0,0,0,0,1,142,98,10.033387184143066,0
GJT0386,692,0,0,0,2998,292,1266,32870,1902,0,0,0,0,1,180,534,84.80861473083496,0
GKO0078,1217,0,0,0,6000,2446,2305,65550,184,942,60,0,723,3,182,1026,170.68572235107422,0
GLR0975,957,0,0,0,3687,1482,1109,39444,361,0,0,0,0,1,124,446,105.59313201904297,0
GMF0738,692,0,0,0,5036,0,1946,56052,3828,0,0,0,0,1,145,859,144.70300483703613,0
GNS0178,1078,50,5,0,2947,887,1499,32870,3033,3049,151,0,303,2,157,677,84.27942085266113,0
GNZ0953,962,0,0,0,334,132,155,3460,228,0,0,0,0,1,128,98,9.485904693603516,0
GOK0238,482,0,0,0,2104,0,902,22895,2152,0,0,0,0,1,182,419,60.71215534210205,0
GQF0659,692,346,0,0,1002,110,365,10034,364,0,0,0,0,1,119,205,28.84941864013672,0
GQP0743,692,0,0,0,4978,1985,2651,56052,4039,0,0,0,0,1,229,1107,142.12265300750732,0
GRC0145,692,0,0,0,3624,1465,1575,39444,2048,0,0,0,0,1,173,427,103.41611862182617,0
GRM0868,692,0,0,0,5078,0,1940,56052,10086,0,0,0,0,1,156,870,145.49853992462158,0
GTD0116,692,346,0,0,4699,446,1105,49478,2387,0,0,0,0,1,118,450,134.79225540161133,0
GTD0219,980,472,0,0,1262,373,700,13442,1228,1281,69,556,957,306,210,317,36.563462257385254,1
GTD0898,692,0,0,0,1003,0,466,10034,369,0,0,0,0,1,143,237,28.83601188659668,0
GZB0469,692,0,0,0,334,74,85,3450,23,0,0,0,0,1,75,71,9.733202934265137,0
GZC0735,1306,0,144,0,5847,1791,1545,61047,4775,304,33,0,792,2,137,686,168.22852611541748,0
HAC0282,692,0,0,0,2989,608,803,32870,416,0,0,0,0,1,114,378,86.13749694824219,0
HAD0246,1703,139,503,0,4820,1422,1407,46740,3955,315,19,0,424,2,115,593,137.69028282165527,0
HAH0248,692,0,0,0,2985,639,836,32775,3245,0,0,0,0,1,111,369,86.05990314483643,0
HAH0760,957,0,0,0,998,298,295,10034,1256,1900,129,0,1342,1,84,188,28.152074813842773,0
HAM0985,692,0,0,0,3050,624,1450,32870,2888,0,0,0,0,1,191,505,86.78340721130371,0
HAV0121,692,346,0,0,3056,0,1271,32775,655,0,0,0,0,1,202,458,87.67094135284424,0
HBB0056,692,0,0,0,2989,589,1303,32870,1741,0,0,0,0,1,207,486,86.04143905639648,0
HBO0413,646,0,0,0,2840,0,1482,30812,1115,691,45,0,1408,1,251,660,80.5889253616333,1
HCC0344,692,0,0,0,1000,395,380,10034,1055,0,0,0,0,1,132,197,28.945146560668945,0
HCL0113,692,0,0,0,3039,602,1228,32870,606,0,0,0,0,1,156,571,87.65634441375732,0
HCL0651,1016,350,0,0,1017,315,538,10034,577,723,45,62,1320,2,206,262,28.778141021728516,0
HCM0267,692,0,0,0,3021,897,1329,31140,1583,8167,483,0,5955,1,117,479,86.39198684692383,0
HCS0003,692,0,0,0,9097,3659,5034,98610,2708,3045,205,0,2006,1,266,1693,262.0798006057739,0
HCV0478,957,0,0,0,5036,1542,1789,56052,4400,0,0,0,0,1,174,813,143.39965534210205,0
HCW0419,965,0,0,0,3054,1229,901,32870,1129,0,0,0,0,1,102,413,87.97210693359375,0
HDD0789,692,0,0,0,4727,911,1277,49478,2256,0,0,0,0,1,135,598,135.88013648986816,0
HDD0806,1428,479,361,0,4143,398,1779,44840,1567,0,0,0,0,26,178,702,119.31350803375244,0
HDH0928,692,0,0,0,3043,1223,896,32870,4541,1577,99,0,1377,1,109,404,87.31697845458984,0
HDJ0446,692,0,0,0,337,78,80,3460,52,0,0,0,0,1,90,61,9.401132583618164,0
HDL0748,692,0,0,0,5016,0,2113,55890,11072,0,0,0,0,1,203,961,143.75738430023193,0
HDS0367,3035,1333,0,0,3626,1508,1762,39420,3104,3406,206,1513,2722,630,219,765,103.5013952255249,0
HFB0347,528,0,14,0,767,84,307,7656,759,1716,101,0,190,1,80,180,21.856863021850586,0
HGG0240,692,0,0,0,3021,620,1493,32775,1911,0,0,0,0,1,229,575,86.53827667236328,0
HGH0595,692,0,0,0,336,0,132,3460,39,0,0,0,0,1,132,86,9.739989280700684,0
HGN0287,692,0,0,0,3371,1009,948,31050,2275,0,0,0,0,1,121,419,95.94781112670898,0
HIA0414,692,0,0,0,3007,632,1225,32870,1743,0,0,0,0,1,170,536,86.48110485076904,0
HIW0536,692,0,0,0,4713,479,1788,49335,2977,0,0,0,0,1,135,770,134.7806282043457,0
HJA0018,955,0,0,0,3712,1469,1145,39444,720,0,0,0,0,1,116,441,106.01800632476807,0
HJB0742,709,7,0,0,3494,1090,1395,40972,520,5,0,5,12,2,148,655,99.1776876449585,1
HJS0072,73,0,4,0,216,90,56,2375,229,82,3,0,52,3,90,37,6.088296890258789,0
HKB0418,664,0,0,0,2922,0,935,31540,2300,0,0,0,0,1,128,437,84.21893978118896,0
HKF0831,692,0,0,0,336,140,124,3460,158,0,0,0,0,1,107,88,9.579157829284668,0
HKI0171,691,0,0,0,4971,2015,2521,56052,4902,0,0,0,0,1,242,1135,141.49271869659424,0
HKR0628,1157,0,0,0,4998,2005,1950,56052,12966,0,0,0,0,3,167,843,142.58922004699707,0
HLH0512,1002,0,276,0,1425,432,497,14268,72,0,0,0,0,10,122,276,40.484856605529785,0
HLM0933,692,0,0,0,3050,615,798,32870,1146,0,0,0,0,1,120,324,87.59141826629639,0
HMM0108,200,0,0,0,540,171,109,5225,368,345,14,0,198,2,83,58,15.165348052978516,0
HMW0713,692,0,0,0,335,73,110,3460,280,0,0,0,0,1,62,82,9.403768539428711,0
HOB0994,692,346,0,0,2979,587,1218,32870,1000,0,0,0,0,1,161,421,85.41578769683838,0
HPH0075,1125,0,163,0,7435,2281,3042,72720,1947,9323,538,0,6345,1,188,1226,212.63673496246338,0
HPM0986,692,0,0,0,4697,0,1827,49478,4791,0,0,0,0,1,165,593,133.28824520111084,0
HPR0585,953,0,0,0,336,131,157,3460,155,0,0,0,0,1,129,105,9.547289848327637,0
HRB0351,1143,0,103,0,6750,698,2186,72770,3293,2662,156,0,264,38,107,921,193.59524250030518,0
HRD0635,352,103,0,0,269,106,84,2610,318,0,0,0,0,12,46,60,7.802148818969727,0
HRL0540,1014,371,0,0,2988,911,1368,34400,255,1777,108,203,5924,2,154,637,85.13963794708252,0
HRW0550,692,0,0,0,3019,637,1280,32870,946,0,0,0,0,1,110,553,86.1574068069458,0
HSB0196,988,26,247,0,5103,1535,1982,57000,4962,11627,661,13,7595,1,124,584,146.04717540740967,0
HSD0457,692,0,0,0,336,37,129,3460,72,0,0,0,0,1,106,93,9.802279472351074,0
HSG0818,965,346,0,0,3038,630,1042,32870,943,0,0,0,0,1,198,420,87.28466415405273,0
HSP0290,692,0,0,0,338,76,149,3450,151,0,0,0,0,1,137,111,9.956348419189453,0
HTF0641,692,346,0,0,1019,401,453,10034,210,0,0,0,0,1,130,254,28.495326042175293,0
HTH0007,961,0,0,0,9116,893,3606,98610,8863,0,0,0,0,3,137,1166,261.17635345458984,0
HVB0037,806,0,104,0,5454,582,2402,57629,1827,0,0,0,0,1,189,918,154.92980670928955,0
HVF0067,999,0,0,0,3058,1250,1217,31140,1987,2023,132,0,1384,17,182,536,87.5551176071167,0
HWH0646,975,346,0,0,1014,405,438,10034,169,0,0,0,0,1,98,232,28.919816970825195,0
HWM0342,730,0,0,0,1019,109,387,10034,1181,0,0,0,0,2,127,228,29.08657169342041,0
HWW0436,1215,20,5,0,3331,1024,1403,31050,578,1245,62,7,1317,3,153,639,95.12910556793213,0
HWY0038,898,425,0,0,1138,125,597,12312,933,0,0,0,0,285,173,270,32.71854114532471,0
HXL0968,422,0,0,0,211,53,121,2225,111,477,28,0,932,1,147,70,6.134905815124512,1
IAR0694,1395,0,188,0,3481,1386,1204,38380,1942,0,0,0,0,3,144,540,99.27612400054932,0
IAT0263,372,0,0,0,1762,510,598,17670,289,0,0,0,0,1,94,259,51.08635234832764,0
IBB0359,3086,1277,4,0,3631,1089,1528,39444,3179,3199,198,1460,7852,604,204,672,104.08984375,0
IBB0696,1004,0,0,0,333,100,121,3460,213,986,67,0,1408,3,70,90,9.644478797912598,0
IBM0671,979,0,0,0,3342,1019,1544,32775,1600,802,45,0,287,2,198,606,95.83069705963135,0
IBP0883,1121,103,12,0,996,304,466,10380,424,0,0,0,0,1,161,253,28.418856620788574,0
IBS0836,1141,35,100,0,359,118,184,3402,83,624,34,0,774,3,161,111,10.28531551361084,0
ICH0294,858,0,0,0,335,131,159,3460,123,2509,144,0,1326,3,108,109,9.700552940368652,0
ICS0956,502,0,0,0,244,25,74,2510,109,0,0,0,0,1,83,51,7.108368873596191,0
IDO0176,692,0,0,0,5026,0,1435,56052,11539,0,0,0,0,1,113,672,144.2548131942749,0
IEB0153,766,0,42,0,1806,546,950,17856,526,0,0,0,0,2,173,226,51.728891372680664,0
IHK0841,692,0,0,0,336,0,124,3460,205,0,0,0,0,1,108,90,9.389296531677246,0
IIA0092,692,0,0,0,2992,571,1471,32870,2709,0,0,0,0,1,144,530,85.80395889282227,0
IIL0513,878,0,176,0,1329,133,686,13170,736,0,0,0,0,1,191,349,38.110045433044434,0
IIW0249,870,36,98,0,3402,332,1625,37145,3176,473,31,4,6735,21,242,645,97.50160121917725,0
IJM0139,692,0,0,0,337,0,137,3460,63,0,0,0,0,1,91,84,9.712625503540039,0
IJM0444,1221,17,3,0,3000,1190,1008,32870,579,1840,116,0,741,3,101,436,86.0788345336914,0
IJM0776,342,0,0,0,515,106,215,5093,834,344,23,0,694,1,101,125,14.876341819763184,1
IJR0825,692,0,0,0,338,138,151,3460,268,0,0,0,0,1,112,95,9.65156078338623,0
IJW0851,692,0,0,0,5041,0,2266,56052,5788,0,0,0,0,1,171,987,144.1139097213745,0
IKP0472,1637,0,465,0,481,195,233,4446,107,812,45,0,1033,2,145,147,13.679374694824219,0
IKR0401,574,0,0,0,2495,507,951,27375,509,554,42,0,1134,1,202,396,72.15476417541504,1
ILC0838,692,0,0,0,338,35,144,3460,70,0,0,0,0,1,149,91,9.770462989807129,0
ILH0958,1203,0,0,0,337,107,148,3460,161,2970,173,0,300,27,95,94,9.648534774780273,0
ILJ0526,1337,0,95,0,1089,346,467,10875,333,1236,72,0,754,28,121,243,31.445961952209473,0
ILR0304,692,0,0,0,333,35,156,3460,183,0,0,0,0,1,108,111,9.421319961547852,0
IMB0481,692,0,0,0,5006,1016,2764,56052,1949,0,0,0,0,1,258,1159,142.9484100341797,0
IMG0320,692,0,0,0,5032,992,1982,55890,6379,0,0,0,0,1,189,862,144.8003387451172,0
IMP0530,692,0,0,0,1008,193,372,10034,534,0,0,0,0,1,117,217,29.101780891418457,0
IRM0931,1747,68,450,0,4157,1697,1797,45315,988,2278,120,9,1004,2,192,723,119.02458381652832,0
IRT0491,692,0,0,0,5019,1024,1735,56052,3442,0,0,0,0,1,103,744,142.7620086669922,0
IUB0565,468,0,0,0,2057,427,732,22354,1004,503,31,0,986,1,181,321,58.73233509063721,1
IUY0279,987,0,0,0,3030,1187,1248,31140,673,0,0,0,0,3,161,550,86.74478340148926,0
IWM0816,968,346,0,0,3013,935,769,32870,1084,0,0,0,0,1,129,352,86.32694053649902,0
IYB0918,692,0,0,0,3024,309,1308,32870,2833,0,0,0,0,1,129,542,87.19329738616943,0
JAD0609,876,0,0,0,4968,1972,1708,56052,7422,0,0,0,0,3,156,742,140.9561948776245,0
JAJ0849,1465,56,296,0,427,132,174,4420,121,0,0,0,0,3,125,115,12.371537208557129,0
JAM0382,692,0,0,0,2998,604,1230,32870,2515,0,0,0,0,1,147,518,85.94112396240234,0
JAV0361,2768,1353,0,0,3659,749,1402,39377,2072,0,0,0,0,625,193,626,104.75832080841064,0
JBD0616,1002,0,0,0,5030,1530,2104,56052,7510,339,17,0,5968,2,209,906,143.33236503601074,0
JBM0350,868,112,10,0,4752,488,1780,49478,2799,0,0,0,0,3,191,797,136.25271129608154,0
JCC0225,2750,1278,0,0,3708,0,1573,39408,7605,0,0,0,0,639,163,648,105.87212562561035,0
JCG0316,1203,0,0,0,4986,1491,2198,56052,6179,2161,137,0,1387,2,209,961,142.4129934310913,0
JCR0172,1130,0,153,0,5926,1803,2280,65934,5282,406,26,0,338,1,148,972,169.69222354888916,0
JCR0289,692,0,0,0,338,43,144,3460,108,0,0,0,0,1,102,83,9.740545272827148,0
JCR0770,692,0,0,0,1003,410,397,10034,1417,0,0,0,0,1,115,225,28.249675750732422,0
JCR0921,692,0,0,0,3040,595,1344,32870,3919,0,0,0,0,1,185,577,87.42373752593994,0
JCV0245,692,0,0,0,3039,305,1271,32870,2643,0,0,0,0,1,178,559,87.66701602935791,0
JCW0858,692,0,0,0,4981,522,2261,56052,5048,0,0,0,0,1,219,987,143.07776546478271,0
JDB0169,966,0,0,0,4657,476,1820,56052,5148,7791,441,0,5464,1,197,816,133.6426649093628,0
JDC0030,1406,0,368,0,5071,2006,2700,54378,2542,724,44,0,380,3,255,641,144.86214923858643,0
JDF0593,1313,89,68,0,351,45,92,3670,23,403,28,1,6296,3,86,73,10.138619422912598,0
JER0404,692,0,0,0,3022,0,1073,32870,1301,0,0,0,0,1,150,444,86.40471172332764,0
JFC0557,961,0,0,0,3002,1180,1020,32870,1192,2839,194,0,2785,1,107,412,86.63575077056885,0
JFC0757,692,0,0,0,1056,0,440,10034,1393,0,0,0,0,1,163,245,30.03107261657715,0
JGM0934,970,0,0,0,3017,1208,1404,32870,1750,0,0,0,0,1,225,600,86.74381923675537,0
JGT0221,1172,570,0,0,1452,276,694,15438,1639,1,1,0,4,368,204,337,41.42528057098389,1
JHP0583,1391,65,183,0,390,153,138,4020,17,1589,101,11,1629,3,81,101,11.359580993652344,0
JIG0128,692,0,0,0,3030,0,1174,32775,1517,0,0,0,0,1,167,445,86.33877372741699,0
JIM0095,692,0,0,0,3677,401,1425,39444,2794,0,0,0,0,1,166,599,106.12500286102295,0
JJB0127,692,0,0,0,2973,0,977,32870,1948,0,0,0,0,1,153,403,84.6892557144165,0
JJB0700,742,0,0,0,337,129,135,3460,230,0,0,0,0,2,78,94,9.700666427612305,0
JJH0292,1042,0,6,0,339,100,136,3520,120,0,0,0,0,3,131,101,9.736654281616211,0
JJH0613,1147,0,0,0,5027,1978,1760,56052,4892,1641,98,0,2095,2,168,803,144.3576545715332,0
JJM0203,686,0,0,0,1876,722,657,20181,2054,425,26,0,854,2,160,222,53.355509757995605,1
JKB0126,691,0,0,0,3024,0,1360,32870,827,0,0,0,0,1,184,503,86.42985153198242,0
JKF0465,840,0,128,0,403,47,149,4200,44,0,0,0,0,1,95,100,11.716673851013184,0
JKJ0698,943,0,204,0,429,55,174,4420,195,0,0,0,0,31,107,122,12.438865661621094,0
JKM0303,692,0,0,0,330,77,142,3450,409,0,0,0,0,1,114,93,9.33224868774414,0
JLM0364,2628,1268,0,0,3537,366,1055,38165,4176,1,1,0,4,598,161,482,100.85734176635742,1
JLW0053,692,0,0,0,4717,0,1322,49478,1741,0,0,0,0,1,98,613,133.84220027923584,0
JMB0308,314,6,0,0,2203,452,930,24789,3792,10,0,3,16,1,118,445,63.54831886291504,1
JMC0925,1284,87,10,0,3372,1347,1013,32870,5178,0,0,0,0,5,103,421,95.65355396270752,0
JMD0520,1127,35,4,0,1009,301,329,10034,326,1893,128,20,1315,36,99,198,28.700002670288086,0
JMH0543,632,0,0,0,2003,207,514,21660,1580,0,0,0,0,1,70,237,56.86658000946045,0
JMK0099,1200,0,0,0,2989,906,1571,32870,1099,555,34,0,279,3,230,674,85.53264236450195,0
JML0909,967,0,0,0,1010,425,436,10034,363,0,0,0,0,1,144,230,28.845415115356445,0
JMW0638,692,346,0,0,1007,207,362,10034,103,0,0,0,0,1,83,202,28.515141487121582,0
JNA0559,691,0,0,0,3020,0,1398,32870,781,0,0,0,0,1,239,593,86.3374195098877,0
JNJ0556,691,0,0,0,3009,901,1296,32870,3007,7977,449,0,5995,1,202,553,85.3859806060791,0
JOL0024,692,0,0,0,3640,725,1099,39330,2690,0,0,0,0,1,57,385,104.70780658721924,0
JOM0750,692,0,0,0,5045,0,2362,56052,1235,0,0,0,0,1,212,1061,143.30853271484375,0
JPA0667,692,0,0,0,2980,1193,1156,32870,1167,0,0,0,0,1,176,484,85.42214775085449,0
JPW0741,692,0,0,0,4984,0,1605,56052,4814,0,0,0,0,1,127,734,143.41423797607422,0
JRF0835,692,0,0,0,339,75,147,3460,40,0,0,0,0,1,157,103,9.697538375854492,0
JRG0207,574,6,1,0,3842,748,1027,40185,637,27,2,25,46,1,99,432,109.94327926635742,1
JRH0455,110,0,0,0,51,3,22,550,18,0,0,0,0,1,55,21,1.4671201705932617,0
JRL0574,692,0,0,0,331,0,141,3450,204,0,0,0,0,1,151,96,9.835725784301758,0
JRS0362,2776,1327,0,0,3689,0,1121,39444,3287,0,0,0,0,636,134,497,104.85549259185791,0
JSA0775,692,0,0,0,991,400,547,10034,1129,0,0,0,0,1,229,290,28.27979278564453,0
JSH0330,692,0,0,0,1049,92,443,10034,1712,0,0,0,0,1,122,251,29.560863494873047,0
JTM0223,1378,556,0,0,1489,591,691,16026,1517,1,1,0,4,361,178,325,43.30681896209717,1
JTS0389,846,0,0,0,3335,324,1528,32870,1638,376,24,0,270,3,168,633,95.34643650054932,0
JXH0493,692,0,0,0,5008,538,2311,56052,2271,0,0,0,0,1,141,989,141.63902759552002,0
JZD0888,692,0,0,0,996,0,285,10034,268,0,0,0,0,1,80,163,28.754310607910156,0
KAC0124,692,0,0,0,3058,0,1233,32870,428,0,0,0,0,1,162,484,87.22534084320068,0
KAL0395,692,0,0,0,3021,632,831,32775,152,0,0,0,0,1,117,367,86.28460884094238,0
KAT0270,692,0,0,0,3045,1226,1581,32870,1110,0,0,0,0,1,218,684,87.31049346923828,0
KAT0489,692,0,0,0,5023,2013,1595,56052,3394,0,0,0,0,1,116,711,144.02877807617188,0
KBB0189,692,0,0,0,3719,785,1470,39444,3429,0,0,0,0,1,139,399,106.25536060333252,0
KBC0054,692,0,0,0,2980,0,759,32870,882,0,0,0,0,1,135,352,85.34608173370361,0
KBG0549,1019,0,0,0,3365,1009,1803,32870,1258,377,25,0,216,3,233,691,95.50440120697021,0
KBL0260,692,0,0,0,3014,0,1565,32870,1315,0,0,0,0,1,179,639,86.88846397399902,0
KBP0008,1197,0,0,0,9145,2775,4500,103800,4132,0,0,0,0,2,222,1373,261.0072889328003,0
KBS0874,962,0,0,0,5062,2013,2147,56052,6889,0,0,0,0,1,173,932,144.59274673461914,0
KCB0815,971,346,0,0,3061,331,1120,32870,966,0,0,0,0,1,167,495,87.10778999328613,0
KCF0045,2780,1311,0,0,3654,739,1231,39209,5511,0,0,0,0,640,123,526,104.42563819885254,0
KCO0122,1161,435,14,0,3033,892,1541,32870,1419,1593,80,163,1404,2,210,550,86.59983253479004,0
KCS0173,1098,0,0,0,4679,1893,1384,52938,5681,260,13,0,714,3,139,621,133.38890743255615,0
KDS0349,692,0,0,0,4745,0,2277,49478,2718,0,0,0,0,1,218,964,135.11181640625,0
KDT0346,968,0,0,0,1003,410,305,10034,1789,0,0,0,0,1,92,175,28.2301607131958,0
KES0729,998,0,0,0,5014,1501,1617,56052,1268,0,0,0,0,3,116,738,143.0516176223755,0
KJA0152,692,0,0,0,3687,0,1732,39444,1970,0,0,0,0,1,184,437,105.90120029449463,0
KJG0910,692,0,0,0,991,203,500,10034,583,0,0,0,0,1,196,256,28.7315616607666,0
KJJ0293,1115,0,0,0,333,140,128,3460,116,530,31,0,687,2,109,85,9.509151458740234,0
KJM0887,692,0,0,0,1005,387,393,10034,670,0,0,0,0,1,121,219,28.981597900390625,0
KJP0371,2788,1372,0,0,3700,1473,1740,39403,2142,0,0,0,0,635,169,766,105.30604553222656,0
KJS0618,692,0,0,0,5059,995,1858,56052,4909,0,0,0,0,1,152,784,145.79332542419434,0
KJW0416,692,0,0,0,3037,0,1183,32775,1218,0,0,0,0,1,185,563,86.65774726867676,0
KKC0683,692,0,0,0,3054,0,766,32870,367,0,0,0,0,1,98,367,87.03175926208496,0
KKS0119,961,0,0,0,4684,1913,2351,49478,3876,0,0,0,0,1,271,744,132.88090896606445,0
KKW0879,902,35,74,0,5158,540,1990,61722,8620,1534,96,5,6501,2,151,872,147.10248279571533,0
KLH0596,588,4,2,0,279,32,100,2911,78,53,0,53,38,1,91,79,8.097050666809082,1
KLM0639,692,346,0,0,1018,0,387,10005,616,0,0,0,0,1,122,221,28.745004653930664,0
KMB0922,1188,85,12,0,3027,892,1504,32775,1917,1209,72,23,733,34,219,627,87.0686616897583,0
KMS0657,692,346,0,0,1006,0,284,10034,211,0,0,0,0,1,63,185,29.020760536193848,0
KMW0545,967,0,0,0,3025,934,1238,31140,975,493,31,0,257,1,163,495,86.78795146942139,0
KNB0022,692,0,0,0,3646,748,1403,39444,2861,0,0,0,0,1,155,423,103.92276763916016,0
KNG0672,602,0,0,0,2611,507,1095,28595,1832,0,0,0,0,1,178,475,74.09065437316895,0
KNW0644,692,346,0,0,1015,212,417,10034,189,0,0,0,0,1,139,222,29.30010223388672,0
KPC0073,308,6,0,0,1311,512,336,14158,1008,0,0,0,16,1,130,163,37.26639175415039,1
KPP0452,692,0,0,0,341,65,79,3460,159,0,0,0,0,1,65,53,9.61605167388916,0
KPR0497,1200,0,0,0,5028,2023,2111,56052,2296,0,0,0,0,2,184,890,142.87047290802002,0
KQC0708,692,0,0,0,336,0,140,3460,131,0,0,0,0,1,106,93,9.933365821838379,0
KQS0415,692,0,0,0,3032,641,1351,32775,2770,0,0,0,0,1,162,585,87.536940574646,0
KRG0158,692,0,0,0,3710,755,1452,39444,852,0,0,0,0,1,162,371,106.53485774993896,0
KRL0062,692,0,0,0,3691,0,1579,39444,1515,0,0,0,0,1,213,589,105.97789669036865,0
KRL0501,530,0,0,0,3871,0,1522,43049,3085,578,33,0,1130,1,238,669,110.6452522277832,1
KRM0541,728,0,0,0,3022,324,1306,31050,2141,0,0,0,0,19,178,533,86.45019626617432,0
KRV0372,2820,1383,0,0,3711,1502,1769,39444,3435,0,0,0,0,630,253,739,106.07524585723877,0
KSH0569,692,0,0,0,2998,1195,1083,32870,1199,0,0,0,0,1,195,482,85.86752605438232,0
KSP0357,1890,881,0,0,2496,506,643,27018,1717,0,0,0,0,519,127,309,71.24381923675537,0
KSP0966,692,0,0,0,333,0,162,3460,358,0,0,0,0,1,144,104,9.160813331604004,0
KTG0091,692,0,0,0,2992,595,1458,32870,2043,0,0,0,0,1,205,485,85.40525722503662,0
KVS0425,692,0,0,0,3014,615,1214,32775,1075,0,0,0,0,1,144,508,85.66284561157227,0
KVT0028,692,0,0,0,3041,592,1143,32870,2236,0,0,0,0,1,158,307,86.77600479125977,0
KWC0004,692,0,0,0,8997,897,4478,98610,1957,0,0,0,0,1,242,1431,255.6126012802124,0
KWE0082,967,0,0,0,3028,889,1421,32870,1586,2234,138,0,1424,1,183,622,86.9243631362915,0
LAF0991,959,346,0,0,3025,1230,1229,32870,3291,0,0,0,0,1,133,428,86.59960079193115,0
LAM0911,952,0,0,0,4728,965,2295,49478,5405,0,0,0,0,1,237,987,134.18884563446045,0
LAP0338,1362,0,378,0,1420,132,578,14123,1245,0,0,0,0,1,131,304,40.88844871520996,0
LBC0356,3053,1306,0,0,3696,1521,1854,39444,1942,0,0,0,0,636,247,772,106.68662071228027,0
LBF0214,1673,112,386,0,6135,1865,1804,68400,2813,1236,83,33,941,2,157,729,174.85760498046875,0
LBH0942,1272,0,303,0,3918,411,996,43035,2347,10889,590,0,7785,1,135,448,112.23597049713135,0
LCB0664,1099,0,0,0,4697,1424,1494,46710,1892,414,35,0,5938,2,121,664,134.404372215271,0
LCC0819,314,157,0,0,1413,0,584,15028,190,337,19,10,700,1,170,253,40.410794258117676,1
LCD0622,692,0,0,0,4977,0,1430,55890,4119,0,0,0,0,1,104,642,143.8095588684082,0
LDB0090,692,0,0,0,3657,355,1969,39444,1627,0,0,0,0,1,209,701,104.3116044998169,0
LDD0560,100,9,19,0,400,132,74,3800,108,0,0,0,0,3,94,48,11.665217399597168,0
LDG0459,1149,0,0,0,332,105,151,3460,86,480,28,0,312,3,126,93,9.481266975402832,0
LDM0587,692,0,0,0,335,37,182,3460,115,0,0,0,0,1,180,103,9.547657012939453,0
LEM0605,692,0,0,0,4958,944,2362,56052,5017,0,0,0,0,1,225,994,141.17985439300537,0
LFS0071,692,0,0,0,3061,0,1327,32870,3039,0,0,0,0,1,211,564,87.0853385925293,0
LHB0606,164,0,0,0,1161,235,592,13284,835,0,0,0,0,1,197,291,33.01408672332764,0
LHB0967,692,0,0,0,330,0,94,3460,166,0,0,0,0,1,69,74,9.280718803405762,0
LHL0309,692,0,0,0,4981,981,1811,55728,6011,0,0,0,0,1,156,836,142.7172451019287,0
LHN0151,692,0,0,0,1680,158,668,16608,1313,0,0,0,0,1,153,185,47.812788009643555,0
LIM0674,1206,37,35,0,3071,930,1395,33535,3175,185,5,7,264,2,181,615,88.17937850952148,0
LJB0826,692,0,0,0,336,80,101,3450,88,0,0,0,0,1,71,77,9.658425331115723,0
LJJ0905,732,0,0,0,1026,399,339,10005,726,0,0,0,0,2,109,191,29.23490619659424,0
LJR0523,341,6,4,0,480,198,255,4818,301,3,0,3,12,1,164,145,13.78181266784668,1
LJT0817,1021,347,0,0,3024,1197,1073,32870,1118,1927,108,45,1303,2,170,477,86.75791645050049,0
LLV0602,692,0,0,0,5058,496,1605,56052,4301,0,0,0,0,1,131,733,145.17689323425293,0
LMF0980,962,0,0,0,3690,1469,1465,39444,3497,0,0,0,0,1,158,453,106.21921730041504,0
LNR0656,692,346,0,0,1015,0,474,10034,323,0,0,0,0,1,182,245,29.11654281616211,0
LNS0989,1133,0,0,0,3037,1210,1210,32870,2402,0,0,0,0,2,182,323,86.87387943267822,0
LOF0311,692,0,0,0,5030,1014,1846,56052,7066,0,0,0,0,1,183,841,144.5349245071411,0
LOM0086,402,0,0,0,1237,361,494,13490,768,438,22,0,570,2,140,225,36.05667686462402,0
LPC0492,744,0,0,0,5075,1537,1368,52938,3186,0,0,0,0,3,154,609,145.28267097473145,0
LPH0572,74,0,0,0,36,15,17,370,7,0,0,0,0,1,85,14,1.0133514404296875,0
LQC0479,402,7,0,0,2853,0,1538,31917,1766,22,2,22,18,1,251,705,81.73211765289307,1
LQP0508,1151,0,0,0,991,292,434,10034,83,0,0,0,0,3,138,231,28.880592346191406,0
LRR0148,1378,0,171,0,5427,1644,2351,57200,3322,907,51,0,1569,3,192,696,155.18060779571533,0
LRW0970,692,0,0,0,337,125,102,3460,260,0,0,0,0,1,81,80,9.746264457702637,0
LTS0860,692,0,0,0,5096,504,2284,56052,3716,0,0,0,0,1,178,998,146.76171875,0
LUR0896,806,70,8,0,867,106,259,8046,599,0,0,0,0,3,68,157,24.87952423095703,0
MAD0496,236,0,46,0,1727,160,426,19116,1650,0,0,0,0,1,108,200,49.63985538482666,0
MAD0753,692,0,0,0,5049,1040,2181,56052,3489,0,0,0,0,1,228,944,143.67551231384277,0
MAE0331,692,0,0,0,1022,210,391,10034,1324,0,0,0,0,1,104,208,29.207133293151855,0
MAH0149,967,0,0,0,3720,1517,1362,39444,7626,0,0,0,0,1,123,355,107.11403560638428,0
MAH0864,692,0,0,0,5046,1010,1516,56052,11711,0,0,0,0,1,135,694,143.49031257629395,0
MAR0955,604,7,2,0,284,0,139,2963,151,69,7,45,42,1,141,96,8.029606819152832,1
MAS0025,412,10,0,0,2706,0,1227,28745,2981,55,2,55,31,1,171,422,77.48897457122803,1
MAW0166,692,0,0,0,4665,0,1250,49478,5943,0,0,0,0,1,90,553,132.83904647827148,0
MBG0438,470,0,0,0,2009,414,725,22325,698,0,0,0,0,1,143,344,57.94454288482666,0
MBJ0312,1002,0,0,0,5053,1530,1827,56052,5944,1019,60,0,2047,3,126,815,144.6773567199707,0
MBR0724,692,0,0,0,338,0,115,3460,375,0,0,0,0,1,75,75,9.563372611999512,0
MBW0809,60,30,0,0,258,104,91,2850,77,0,0,0,0,1,94,55,7.292360305786133,0
MCD0125,585,0,115,0,1542,477,670,16720,676,434,22,0,132,2,147,289,43.631680488586426,0
MCF0327,692,0,0,0,5031,0,1861,56052,5831,0,0,0,0,1,199,877,142.81330680847168,0
MCF0600,616,13,109,0,239,22,60,2453,72,102,7,94,72,2,68,52,6.8004961013793945,1
MCJ0324,692,0,0,0,4982,1026,1779,56052,6050,0,0,0,0,1,129,814,142.46388912200928,0
MCS0035,692,0,0,0,4650,0,2252,49478,2624,0,0,0,0,1,224,883,133.62510681152344,0
MCT0720,692,0,0,0,337,0,113,3460,493,0,0,0,0,1,55,83,9.646241188049316,0
MDH0580,592,0,0,0,295,117,119,3089,116,622,38,0,1257,1,131,78,8.111873626708984,1
MDH0686,1332,0,316,0,4020,1634,1661,43605,1134,0,0,0,0,3,213,621,114.60340881347656,0
MDM0625,1093,0,0,0,5341,574,1418,55890,5278,8346,468,0,5452,2,133,665,153.47161483764648,0
MDM0976,692,0,0,0,3700,0,1577,39444,1988,0,0,0,0,1,120,588,105.46477031707764,0
MES0407,692,0,0,0,2998,1192,1484,32775,1841,0,0,0,0,1,219,648,86.26018810272217,0
MFV0897,692,0,0,0,996,0,407,10005,408,0,0,0,0,1,138,230,28.637128829956055,0
MGS0974,842,0,78,0,4073,1235,1547,43320,5955,162,12,0,283,2,150,576,116.7036247253418,0
MHA0798,692,0,0,0,3030,0,1274,32870,3301,0,0,0,0,1,168,546,86.19654369354248,0
MHG0244,692,0,0,0,2977,0,1310,32870,2582,0,0,0,0,1,182,550,86.00997638702393,0
MHG0733,692,0,0,0,4973,0,2245,56052,4612,0,0,0,0,1,148,999,141.65375328063965,0
MHH0180,759,0,102,0,805,82,366,7398,630,0,0,0,0,1,160,213,23.178251266479492,0
MIB0904,972,0,0,0,1014,303,508,10034,447,0,0,0,0,1,157,284,29.880155563354492,0
MIC0726,692,0,0,0,5039,1009,2155,56052,5627,0,0,0,0,1,194,912,145.03664207458496,0
MIL0255,692,0,0,0,3036,620,1407,32870,2178,0,0,0,0,1,206,567,87.9384298324585,0
MIM0712,692,0,0,0,339,140,87,3460,246,0,0,0,0,1,51,65,9.719003677368164,0
MJB0588,692,0,0,0,372,43,161,3460,137,0,0,0,0,1,111,117,10.512154579162598,0
MJM0510,1190,0,0,0,1005,421,367,10034,542,0,0,0,0,4,116,202,28.96110248565674,0
MJS0890,692,0,0,0,1022,425,537,10034,494,0,0,0,0,1,164,271,28.988224983215332,0
MKG0711,692,0,0,0,337,0,158,3460,173,0,0,0,0,1,138,101,9.876087188720703,0
MKL0941,692,0,0,0,2973,0,883,32870,1724,0,0,0,0,1,147,386,84.65725708007812,0
MKP0861,966,0,0,0,4983,1993,2369,56052,4589,0,0,0,0,1,178,1045,141.22197341918945,0
MKS0204,692,0,0,0,3682,390,1020,37368,4062,0,0,0,0,1,101,313,106.1752347946167,0
MKW0441,1026,10,2,0,1011,424,405,9342,303,421,28,0,1393,8,124,198,28.947314262390137,0
MLD0755,956,0,0,0,5065,2023,2395,56052,4602,0,0,0,0,1,207,1077,144.67430782318115,0
MLG0475,692,0,0,0,337,84,137,3460,112,0,0,0,0,1,129,94,9.696516036987305,0
MLL0598,692,0,0,0,335,43,147,3450,71,353,23,0,5545,1,135,104,9.413183212280273,0
MLM0950,1349,16,248,0,404,130,214,4210,161,2752,154,2,1694,3,162,126,11.724349021911621,0
MLP0668,692,0,0,0,3034,1205,1241,32870,1720,0,0,0,0,1,164,517,86.82283782958984,0
MMB0488,620,0,0,0,4439,898,1222,50220,3542,0,0,0,0,1,100,555,126.33406352996826,0
MMG0943,930,0,0,0,2999,1182,1080,32775,1340,0,0,0,0,3,179,465,85.21965026855469,0
MNC0717,1170,0,0,0,338,103,98,3460,127,0,0,0,0,3,66,80,9.665898323059082,0
MNR0829,692,0,0,0,331,80,134,3460,106,0,0,0,0,1,137,99,9.344096183776855,0
MNS0224,2826,1386,0,0,3688,724,1613,39304,4435,0,0,0,0,659,182,659,105.56740665435791,0
MOH0273,802,0,106,0,3463,370,1364,38095,1532,9306,517,0,6295,1,139,599,100.15117359161377,0
MOP0763,692,0,0,0,995,0,255,10034,1111,0,0,0,0,1,70,147,28.225801467895508,0
MOS0047,1651,711,0,0,1892,736,570,20118,2585,1593,85,791,1774,416,147,274,54.02000045776367,1
MPM0220,2005,923,3,0,2307,241,907,24551,3129,6689,366,993,4978,456,168,418,66.90055847167969,1
MPT0376,1183,0,59,0,3195,959,1263,32760,2619,1054,65,0,815,3,161,511,92.2869119644165,0
MSD0939,692,0,0,0,2993,301,778,32870,502,0,0,0,0,1,135,340,85.27179908752441,0
MSG0839,692,0,0,0,335,41,153,3450,108,0,0,0,0,1,137,96,9.430142402648926,0
MSH0040,2100,1019,0,0,2711,1104,1238,28970,3550,0,0,0,0,540,203,525,77.79005241394043,0
MSO0222,1900,935,0,0,2546,0,746,27086,4042,1,1,0,4,490,137,357,73.17661190032959,1
MSS0001,960,0,0,0,12034,1206,5898,138000,1444,0,0,0,0,1,196,1514,344.65782260894775,0
MSZ0310,692,0,0,0,5011,1012,2374,56052,3633,0,0,0,0,1,241,1032,143.02429866790771,0
MTB0620,972,0,0,0,5042,2043,1914,56052,4687,1971,118,0,2004,1,175,857,143.85156917572021,0
MTT0901,78,0,0,0,82,41,28,841,64,187,10,0,180,1,57,25,2.319127082824707,0
MVB0515,1148,0,0,0,1000,389,337,9342,678,1777,98,0,731,21,67,185,28.390544891357422,0
MVF0594,692,0,0,0,335,0,180,3460,140,0,0,0,0,1,205,93,9.72823715209961,0
MVH0373,494,241,0,0,701,143,281,7524,361,0,0,0,0,165,153,147,20.165239334106445,0
MYD0978,510,3,2,0,2687,547,1356,28617,705,15,3,15,14,1,180,506,76.84170055389404,1
NAB0801,692,0,0,0,3028,310,1097,32870,2116,0,0,0,0,1,144,473,86.46398830413818,0
NAB0903,692,0,0,0,1063,0,573,10034,620,0,0,0,0,1,180,296,30.49088954925537,0
NAF0033,688,0,0,0,4678,952,1776,49192,2312,0,0,0,0,1,186,677,134.99018955230713,0
NAF0326,1599,0,365,0,7121,2186,1882,74034,4594,2446,150,0,1790,48,75,815,203.35339641571045,0
NAH0503,930,46,107,0,5750,1711,2707,64152,3024,0,0,0,0,2,258,1143,163.17558002471924,0
NAR0981,692,0,0,0,3022,1206,1559,32870,3252,0,0,0,0,1,217,518,86.46511268615723,0
NBC0412,698,0,0,0,3367,1048,1387,34600,1508,0,0,0,0,4,191,580,95.66874027252197,0
NBH0256,692,0,0,0,3022,1210,1266,32870,2319,0,0,0,0,1,114,526,85.65957450866699,0
NCE0097,692,0,0,0,3032,286,1487,34600,1099,0,0,0,0,1,235,628,87.04304313659668,0
NCH0179,692,0,0,0,3707,1485,1957,39444,4766,0,0,0,0,1,232,896,106.51351356506348,0
NCK0295,692,0,0,0,334,0,163,3460,116,0,0,0,0,1,189,110,9.518240928649902,0
NCK0421,692,0,0,0,2995,0,1407,32870,2702,0,0,0,0,1,188,643,84.88683795928955,0
NCO0666,972,0,0,0,3028,906,1214,32870,1484,0,0,0,0,2,172,514,86.37558078765869,0
NDM0417,1161,0,0,0,3044,1211,1205,32870,715,1284,76,0,1379,2,187,528,87.77085018157959,0
NGC0058,984,0,202,0,3713,1113,1102,42800,3303,200,11,0,350,36,143,477,106.31137561798096,0
NGF0157,1261,79,164,0,3540,1062,1668,36450,2967,305,20,0,284,2,196,427,100.34974193572998,0
NGO0690,968,0,0,0,3017,921,1495,32775,2166,0,0,0,0,1,216,595,85.6878490447998,0
NHE0919,958,0,0,0,3037,1241,1164,32870,2348,0,0,0,0,1,174,478,85.89186477661133,0
NHH0185,710,0,0,0,1006,116,407,9342,1298,0,0,0,0,10,114,218,28.765857696533203,0
NIH0969,974,0,0,0,330,96,151,3460,229,0,0,0,0,2,125,97,9.388583183288574,0
NJB0243,752,0,0,0,3045,284,1226,32870,2992,0,0,0,0,2,175,535,87.36352252960205,0
NJC0705,692,0,0,0,337,37,164,3460,161,0,0,0,0,1,135,100,9.685918807983398,0
NKH0807,692,346,0,0,3028,597,763,32870,840,0,0,0,0,1,143,325,87.12100887298584,0
NKH0979,1163,0,0,0,3735,1534,1351,39444,2402,0,0,0,0,3,132,405,106.96178531646729,0
NKP0236,710,12,0,0,2993,310,919,32870,2753,299,19,0,246,1,149,399,85.94225025177002,0
NLO0131,692,0,0,0,335,0,168,3460,115,0,0,0,0,1,146,104,9.743874549865723,0
NMB0972,692,0,0,0,336,38,176,3460,145,0,0,0,0,1,167,104,9.533961296081543,0
NMC0486,692,0,0,0,5044,0,1360,55728,12057,0,0,0,0,1,97,618,144.18954277038574,0
NMF0780,692,0,0,0,1000,418,374,10034,1423,0,0,0,0,1,136,211,28.660161018371582,0
NMG0766,692,0,0,0,1002,109,456,10034,1351,0,0,0,0,1,169,257,28.60514545440674,0
NMS0280,908,0,178,0,1260,375,571,13080,692,321,13,0,307,19,188,269,35.99791717529297,0
NNA0610,692,0,0,0,5045,0,2592,55890,5093,0,0,0,0,1,237,1120,144.69911861419678,0
NNS0059,692,0,0,0,3033,1214,1332,32870,2289,0,0,0,0,1,185,569,86.86100673675537,0
NOB0181,1531,0,390,0,1368,426,583,12852,1302,1703,70,0,1047,3,139,299,39.3680944442749,0
NRD0548,612,0,0,0,2635,0,1269,29070,2919,0,0,0,0,1,198,530,75.64319896697998,0
NRF0137,692,0,0,0,334,0,132,3450,106,0,0,0,0,1,108,82,9.563803672790527,0
NRO0768,644,0,0,0,941,94,397,9660,1381,0,0,0,0,1,116,211,26.893710136413574,0
NSC0597,726,0,0,0,333,109,105,3450,41,0,0,0,0,3,75,80,9.475944519042969,0
NSS0876,692,0,0,0,4962,0,1568,56052,4856,0,0,0,0,1,119,704,140.0604772567749,0
NUL0471,958,0,0,0,333,132,104,3460,58,0,0,0,0,1,84,80,9.343351364135742,0
NWK0215,1356,88,294,0,5547,1672,2446,63492,3704,0,0,0,0,1,209,964,159.63256931304932,0
NWT0098,638,0,0,0,2829,578,1305,30435,2533,702,40,0,1299,1,204,582,80.87430381774902,1
OBH0499,1469,53,280,0,6229,1837,2825,69822,8032,594,39,3,7395,2,189,1206,178.74007892608643,0
OCB0805,692,0,0,0,3028,318,1205,32870,2962,0,0,0,0,1,173,511,86.61350154876709,0
OCS0865,1005,0,0,0,5347,2161,2846,56052,7970,873,57,0,1310,2,269,1225,153.49775505065918,0
OHC0973,692,0,0,0,334,0,166,3460,259,0,0,0,0,1,164,113,9.585675239562988,0
OJK0233,692,0,0,0,3041,591,1216,32870,2771,0,0,0,0,1,153,519,87.51102447509766,0
OKB0439,692,0,0,0,3044,1178,979,32870,4584,0,0,0,0,1,111,469,88.0372314453125,0
OKC0107,692,0,0,0,3007,619,1263,32680,681,0,0,0,0,1,168,552,85.06225967407227,0
OLB0749,196,0,0,0,1444,0,551,15876,454,0,0,0,0,1,106,299,40.83884239196777,0
OLF0504,692,0,0,0,5032,0,2096,56052,4676,0,0,0,0,1,231,921,143.3344211578369,0
OLW0689,959,0,0,0,3025,1188,765,32870,973,1242,68,0,1418,1,116,314,86.60616397857666,0
OMM0944,692,0,0,0,336,0,169,3460,227,0,0,0,0,1,144,115,9.952103614807129,0
OMS0101,692,0,0,0,3022,599,1352,32870,1110,0,0,0,0,1,240,596,86.34888362884521,0
ONL0276,692,0,0,0,3018,303,1101,32870,323,0,0,0,0,1,163,504,86.20765781402588,0
ONW0083,692,0,0,0,3002,632,1223,32870,1712,0,0,0,0,1,151,521,86.09240341186523,0
OQH0183,692,0,0,0,1004,96,282,10034,1543,0,0,0,0,1,105,164,28.8709135055542,0
ORB0473,692,0,0,0,333,132,129,3460,136,0,0,0,0,1,108,83,9.595257759094238,0
ORG0339,692,0,0,0,1023,110,328,10034,1259,0,0,0,0,1,99,206,28.790849685668945,0
ORM0669,870,0,0,0,3019,1193,1195,32775,2578,0,0,0,0,2,169,535,87.11980438232422,0
OSH0655,692,346,0,0,1014,220,358,10034,844,0,0,0,0,1,97,207,29.514185905456543,0
OYM0026,754,0,0,0,2994,297,1277,32870,824,0,0,0,0,3,194,258,86.4649133682251,0
PAD0773,1119,0,0,0,1012,115,426,10380,1356,2558,154,0,247,3,132,241,29.400651931762695,0
PBP0002,692,0,0,0,3629,0,1106,39330,1593,0,0,0,0,1,104,431,103.78189086914062,0
PDH0716,1024,0,0,0,337,128,157,3460,102,1723,112,0,1347,3,155,103,9.445951461791992,0
PDW0259,1039,0,0,0,2998,309,1609,32870,2127,0,0,0,0,40,201,657,85.71913146972656,0
PES0085,960,0,0,0,3694,1489,1413,39444,4086,0,0,0,0,1,153,587,105.89512538909912,0
PEV0323,1100,77,14,0,5304,1593,2039,56052,5094,0,0,0,0,3,176,886,151.5053071975708,0
PGC0066,692,0,0,0,3676,737,937,39444,3930,0,0,0,0,1,101,419,105.73204326629639,0
PGH0184,635,0,0,0,673,276,242,6641,911,0,0,0,0,1,128,154,18.8336238861084,0
PGO0433,692,0,0,0,2993,637,1160,32870,1419,0,0,0,0,1,135,506,85.56967067718506,0
PID0426,902,109,15,0,3001,898,1045,32870,2769,0,0,0,0,19,90,482,85.88949584960938,0
PIS0522,1123,0,0,0,994,390,436,10034,479,0,0,0,0,3,121,255,28.5405855178833,0
PKB0281,692,0,0,0,3021,0,1025,32870,1041,0,0,0,0,1,96,456,87.0283784866333,0
PKB0429,692,0,0,0,3022,614,1449,32870,1974,0,0,0,0,1,168,615,85.2594575881958,0
PLH0715,692,0,0,0,332,70,179,3460,288,0,0,0,0,1,142,110,9.53261661529541,0
PLH0862,692,0,0,0,5044,0,2358,56052,4995,0,0,0,0,1,188,1013,143.94376850128174,0
PMC0328,967,0,0,0,1003,314,431,10034,1205,656,35,0,1334,1,112,228,28.814194679260254,0
PMJ0564,1211,43,2,0,3014,1196,922,32870,2031,0,0,0,0,2,137,407,86.43062019348145,0
PMV0850,1077,0,0,0,340,38,156,3450,116,490,32,0,748,3,117,101,9.7783784866333,0
PNH0761,870,73,11,0,992,113,494,9342,1125,2106,132,2,242,3,164,266,28.562070846557617,0
PNL0301,312,0,0,0,164,36,60,1674,58,296,23,0,653,1,59,38,4.483774185180664,1
POB0343,692,0,0,0,1009,0,403,10034,1264,0,0,0,0,1,91,226,29.017361640930176,0
PPF0435,588,4,0,0,2759,281,1381,27551,1101,1,0,0,54,1,205,633,79.64187908172607,1
PRM0740,692,0,0,0,4999,0,1132,56052,2926,0,0,0,0,1,116,519,143.7459373474121,0
PSF0133,380,0,0,0,200,0,82,2028,61,449,27,0,813,1,93,56,5.4290666580200195,1
PTH0552,957,0,0,0,3018,895,1274,32870,3543,0,0,0,0,1,142,533,87.09280681610107,0
PTH0830,850,0,148,0,411,43,180,4250,99,0,0,0,0,1,108,114,11.684366226196289,0
QCH0110,610,0,0,0,884,0,313,8845,831,0,0,0,0,1,129,167,25.572601318359375,0
QJR0688,966,0,40,0,3532,1085,1492,34200,1029,1069,63,0,798,5,211,588,100.58352375030518,0
QNF0205,692,0,0,0,3670,369,1560,39444,3657,0,0,0,0,1,145,459,104.79217052459717,0
QNP0216,2814,1334,0,0,3710,0,1601,39239,4683,0,0,0,0,639,197,707,105.92051029205322,0
QOS0878,406,0,88,0,1547,618,531,18306,2111,127,7,0,476,9,111,268,44.00465774536133,0
QPM0727,692,0,0,0,4991,0,2091,56052,2569,0,0,0,0,1,161,939,142.87621688842773,0
QRM0739,730,0,0,0,5400,1665,1704,56052,4332,8401,464,0,5962,3,77,732,153.94384098052979,0
QSV0778,692,0,0,0,1011,0,432,10034,1190,0,0,0,0,1,154,236,29.060150146484375,0
RAB0589,707,4,2,0,191,67,57,1766,65,2,0,2,8,9,45,45,5.407660484313965,1
RAG0275,692,0,0,0,2993,598,1365,32870,429,0,0,0,0,1,137,578,85.82499122619629,0
RAH0440,692,0,0,0,3024,0,1345,32870,738,0,0,0,0,1,126,586,86.39330005645752,0
RAM0447,1255,0,276,0,432,133,171,4490,128,0,0,0,0,1,126,111,12.11246395111084,0
RAR0725,342,0,0,0,176,24,64,1859,104,355,25,0,696,1,63,41,5.060873031616211,1
RAS0432,949,0,0,0,2984,1176,1105,32870,136,0,0,0,0,1,162,476,84.64613342285156,0
RAW0915,1203,0,147,0,3490,1060,1617,40300,3621,459,27,0,872,28,235,682,100.1394567489624,0
RBB0485,692,0,0,0,5019,0,2085,56052,6542,0,0,0,0,1,140,925,143.89105129241943,0
RCC0617,692,0,0,0,5053,0,1959,56052,6230,0,0,0,0,1,182,868,144.61774063110352,0
RCP0785,692,0,0,0,1004,0,506,10034,1130,0,0,0,0,1,203,287,29.019062995910645,0
RDM0115,692,0,0,0,3677,754,1313,39330,809,0,0,0,0,1,173,413,105.36270999908447,0
RDM0150,692,0,0,0,1679,168,607,16560,1229,0,0,0,0,1,165,172,47.36406707763672,0
RDT0424,1108,0,0,0,3012,913,1150,32870,2299,464,20,0,710,3,142,516,86.73733425140381,0
RFP0380,692,0,0,0,2996,654,815,32870,1708,0,0,0,0,1,92,349,85.16303443908691,0
RGG0064,627,7,0,0,1900,734,665,21093,536,12,0,12,12,1,148,270,54.358768463134766,1
RGH0728,562,0,0,0,4114,810,1612,45522,2822,0,0,0,0,1,160,689,117.61742305755615,0
RGN0408,691,0,0,0,3026,1197,737,32870,432,0,0,0,0,1,105,332,86.18218231201172,0
RHC0335,692,0,0,0,1006,0,495,10034,971,0,0,0,0,1,194,258,28.502763748168945,0
RHL0992,504,177,0,0,1575,479,566,16859,258,370,19,37,735,4,129,233,44.83585548400879,1
RHO0732,1358,103,11,0,5015,1497,1454,56052,3116,855,46,19,1374,3,140,628,143.2577886581421,0
RHP0484,1030,0,0,0,5302,539,2105,55890,6123,0,0,0,0,3,156,926,153.11124515533447,0
RHY0079,716,0,0,0,6102,605,2722,65740,2051,0,0,0,0,2,213,1151,174.59296226501465,0
RIH0777,692,0,0,0,996,199,399,10034,1222,0,0,0,0,1,157,248,28.110212326049805,0
RJB0088,692,0,0,0,3002,0,1081,32870,2186,0,0,0,0,1,108,478,85.6187686920166,0
RJM0381,728,0,0,0,3024,1213,1120,32870,1821,0,0,0,0,3,160,459,86.43197345733643,0
RKD0604,308,6,1,0,2179,207,745,24302,1608,49,4,49,40,1,158,362,62.44141864776611,1
RKF0164,670,0,0,0,2926,869,1507,31730,1057,0,0,0,0,1,244,335,83.51192855834961,0
RLB0719,728,24,3,0,331,109,132,3460,97,0,0,0,0,1,98,91,9.533316612243652,0
RLG0856,1021,43,5,0,4908,1442,1986,58650,8999,334,23,8,738,1,142,884,140.76705360412598,0
RMS0266,692,0,0,0,3002,0,1559,32775,1184,0,0,0,0,1,231,561,85.55546760559082,0
RMW0542,322,0,0,0,1406,0,653,15418,1981,330,22,0,743,1,178,296,40.19359111785889,1
RNF0765,692,0,0,0,993,0,257,10034,1479,0,0,0,0,1,67,163,28.696292877197266,0
RNL0695,960,0,0,0,3029,610,1174,32870,1365,0,0,0,0,1,203,498,86.39551067352295,0
RNP0211,971,0,0,0,4664,1869,1867,49478,1723,2638,144,0,2129,1,148,743,133.96410369873047,0
ROB0272,691,0,0,0,3002,0,804,32870,388,0,0,0,0,1,98,402,85.5866641998291,0
RRA0938,954,0,0,0,3017,1205,718,32870,270,0,0,0,0,1,103,348,86.64514923095703,0
RRC0553,212,0,35,0,675,67,254,7220,608,1342,87,0,161,2,110,144,19.47776985168457,0
RRP0568,1017,0,0,0,2989,917,1519,32870,1986,1450,77,0,757,2,233,642,85.63399982452393,0
RSC0089,1350,94,66,0,3208,960,1347,32850,2999,865,62,17,5776,27,160,547,91.07452869415283,0
RSM0277,1205,0,0,0,2993,904,1249,32775,1060,393,30,0,780,3,145,574,85.34053707122803,0
RTO0313,1167,92,14,0,5015,1501,2265,56052,7450,0,0,0,0,2,223,1027,143.22610092163086,0
RUM0880,1053,53,8,0,5004,1991,2174,55890,4097,2199,138,25,1398,2,203,909,142.8334617614746,0
RVC0232,692,0,0,0,3068,609,1206,32870,2404,0,0,0,0,1,156,519,87.81745719909668,0
RVF0201,1001,0,0,0,3692,1090,1328,39444,2693,252,22,0,687,2,134,372,104.73283100128174,0
RYB0718,692,0,0,0,336,69,132,3460,146,0,0,0,0,1,105,93,9.633317947387695,0
RZC0746,1453,0,374,0,6893,2089,2659,77760,4524,0,0,0,0,10,167,1174,196.4254388809204,0
SAA0999,985,0,0,0,3016,916,1417,31140,980,8468,519,0,5971,2,187,527,85.5879716873169,0
SAB0781,968,0,0,0,1003,398,268,10005,1883,1441,79,0,733,1,83,168,28.000182151794434,0
SAC0592,960,0,0,0,341,129,165,3460,51,0,0,0,0,1,164,103,9.550764083862305,0
SAC0687,692,0,0,0,3034,299,1267,32870,2800,0,0,0,0,1,178,530,86.92145252227783,0
SAH0599,692,0,0,0,334,75,165,3460,42,0,0,0,0,1,145,105,9.259899139404297,0
SAK0375,2828,1341,0,0,3649,1439,1542,39444,2666,0,0,0,0,629,218,674,103.89750003814697,0
SAP0867,292,0,0,0,2138,0,983,23652,1197,0,0,0,0,1,149,437,61.37308120727539,0
SAT0194,692,0,0,0,3649,747,1562,39444,1170,0,0,0,0,1,225,426,103.48771095275879,0
SBD0913,692,0,0,0,1008,394,478,10034,720,0,0,0,0,1,174,267,28.860039710998535,0
SBH0537,1080,0,85,0,4812,1431,2094,55198,4331,428,25,0,278,1,205,884,137.77098274230957,0
SBK0161,1150,0,0,0,6001,1836,2518,65740,2843,0,0,0,0,3,172,826,171.6026258468628,0
SBN0495,692,0,0,0,5107,1004,2399,56052,3652,0,0,0,0,1,227,1059,146.48026943206787,0
SBN0866,744,44,3,0,5047,1543,1990,56052,6490,5864,326,2,751,1,197,899,143.73069763183594,0
SBN0971,898,0,188,0,434,135,110,4490,512,577,44,0,350,1,61,79,12.229363441467285,0
SBQ0786,692,0,0,0,4659,978,2363,49335,3217,0,0,0,0,1,237,1043,133.19124221801758,0
SCB0534,692,0,0,0,1014,0,441,10034,652,0,0,0,0,1,148,249,29.314281463623047,0
SCF0608,692,0,0,0,5377,529,2475,56052,8001,0,0,0,0,1,192,1058,153.38955688476562,0
SCP0130,918,0,0,0,1001,387,398,10034,311,1615,86,0,1427,2,131,225,28.297399520874023,0
SDB0106,1120,0,0,0,3031,902,1126,32870,2443,0,0,0,0,3,173,488,86.69994354248047,0
SDF0017,692,0,0,0,3690,754,1013,39444,556,0,0,0,0,1,101,366,106.00182819366455,0
SDO0170,953,0,0,0,5016,1496,2300,55728,6683,0,0,0,0,1,183,1009,144.11047744750977,0
SED0886,1172,40,6,0,1014,325,442,10034,705,0,0,0,0,2,100,234,28.594371795654297,0
SEJ0677,352,0,0,0,1535,0,407,16720,1289,0,0,0,0,1,102,204,44.04405403137207,0
SER0165,692,0,0,0,3699,0,1166,39330,1276,0,0,0,0,1,102,393,105.72478675842285,0
SES0477,968,0,0,0,5005,2004,1416,56052,5828,0,0,0,0,1,91,635,143.5138168334961,0
SGB0140,1189,0,0,0,336,130,145,3460,101,0,0,0,0,3,128,98,9.447164535522461,0
SGG0787,948,346,0,0,4651,1827,1934,49478,2722,0,0,0,0,1,162,848,132.78921699523926,0
SGM0021,971,0,0,0,3682,1107,2011,39444,1946,2596,145,0,2069,1,199,586,104.96692180633545,0
SGS0268,692,0,0,0,3026,310,1163,32870,679,0,0,0,0,1,140,562,87.12325191497803,0
SHR0334,692,0,0,0,1011,0,438,10034,998,0,0,0,0,1,103,237,28.937623023986816,0
SHW0578,692,0,0,0,333,81,107,3460,149,0,0,0,0,1,92,87,9.266822814941406,0
SIJ0661,692,0,0,0,4681,442,2010,49335,1403,0,0,0,0,1,175,858,135.83387279510498,0
SJC0333,914,0,0,0,1011,415,418,10034,1373,0,0,0,0,2,139,244,29.305943489074707,0
SJF0094,692,0,0,0,3360,1024,1753,32870,1386,0,0,0,0,1,142,627,96.02272987365723,0
SJO0209,1227,0,0,0,4775,1895,1628,50479,3268,372,23,0,264,3,139,621,135.6410255432129,0
SJW0451,692,0,0,0,339,0,121,3460,167,0,0,0,0,1,115,80,9.515325546264648,0
SKG0759,692,0,0,0,1002,406,433,10034,1117,0,0,0,0,1,101,227,28.85578155517578,0
SLB0049,692,0,0,0,6061,1295,2536,65740,1471,0,0,0,0,1,205,957,172.92213344573975,0
SLP0762,692,0,0,0,1002,196,443,10034,1171,0,0,0,0,1,173,229,28.866511344909668,0
SLT0907,346,0,0,0,499,104,213,5017,104,0,0,0,0,1,126,134,14.424032211303711,0
SMB0804,692,0,0,0,3039,0,1023,32870,5672,0,0,0,0,1,89,465,86.73210906982422,0
SMH0291,1541,0,402,0,467,57,193,4800,100,0,0,0,0,3,134,127,13.525442123413086,0
SMW0084,692,0,0,0,3044,647,736,32870,2931,0,0,0,0,1,98,338,87.82986450195312,0
SMY0792,1102,0,0,0,3021,890,1291,32870,2255,1209,67,0,758,20,165,562,85.63615894317627,0
SNC0187,600,0,0,0,876,266,368,8700,888,2321,141,0,251,1,116,222,24.5914888381958,0
SNS0129,692,0,0,0,3717,765,1431,39444,2427,0,0,0,0,1,159,465,106.73930072784424,0
SOB0360,1780,859,0,0,2436,0,1066,25764,624,0,0,0,0,479,158,486,69.45600128173828,0
SOB0586,692,0,0,0,331,0,135,3460,60,0,0,0,0,1,98,98,9.581820487976074,0
SOF0808,692,346,0,0,3027,602,1155,32870,3773,0,0,0,0,1,153,477,86.10358428955078,0
SOG0411,692,0,0,0,3003,1204,1089,32870,1300,0,0,0,0,1,190,514,86.47633457183838,0
SPA0141,1102,106,14,0,3635,1482,970,37368,1195,0,0,0,0,1,95,278,103.20261764526367,0
SRH0155,1212,43,45,0,3892,1139,1392,41040,8849,0,0,0,0,3,112,340,110.59020614624023,0
SRS0231,692,0,0,0,3024,314,1292,32870,1237,0,0,0,0,1,168,523,85.33012580871582,0
SSG0250,972,0,0,0,3015,1218,857,32775,3910,0,0,0,0,1,148,384,86.07264709472656,0
SSH0799,1209,0,0,0,3001,598,1087,32870,2850,0,0,0,0,3,144,473,85.96548843383789,0
SSJ0784,1453,116,326,0,1291,382,545,13137,1257,0,0,0,0,1,125,302,37.52229881286621,0
SSR0278,392,0,0,0,1688,0,837,18620,303,0,0,0,0,1,210,383,48.45976543426514,0
SSS0345,692,0,0,0,1011,0,471,10034,812,0,0,0,0,1,143,250,29.088427543640137,0
SVL0803,692,0,0,0,3033,327,1323,32870,2363,0,0,0,0,1,196,582,85.76192855834961,0
SVL0940,692,0,0,0,2991,602,1321,32870,1322,0,0,0,0,1,191,532,85.55470180511475,0
SVS0871,1208,0,0,0,5038,2005,2322,56052,4267,0,0,0,0,3,176,993,144.16198921203613,0
SXM0895,692,0,0,0,1003,103,341,10034,638,0,0,0,0,1,118,194,28.817852020263672,0
TAC0300,692,0,0,0,344,0,110,3450,219,0,0,0,0,1,89,85,10.050995826721191,0
TAP0551,664,10,2,0,1960,584,892,21377,1239,21,0,21,10,3,210,379,55.7695894241333,1
TBT0461,692,0,0,0,339,76,142,3460,99,0,0,0,0,1,108,89,9.516998291015625,0
TCD0009,692,0,0,0,3674,756,1386,39444,1927,0,0,0,0,1,170,467,105.3156156539917,0
TDG0962,1220,0,0,0,336,102,153,3450,154,0,0,0,0,2,131,96,9.480855941772461,0
TDJ0998,968,0,0,0,3013,626,862,32870,2783,0,0,0,0,1,120,336,85.55512142181396,0
TDS0984,1323,0,252,0,3735,386,1445,40850,8553,3378,176,0,346,39,176,538,106.57530212402344,0
TEB0251,1004,0,0,0,3029,902,1210,32870,3102,0,0,0,0,2,149,547,86.4712085723877,0
TEM0093,494,0,0,0,2158,417,961,23465,370,0,0,0,0,1,133,396,61.831804275512695,0
TEM0977,692,0,0,0,3694,0,1221,39444,1147,0,0,0,0,1,108,513,105.02836322784424,0
TET0621,938,0,0,0,5032,1993,2196,56052,3660,0,0,0,0,3,155,949,145.3718729019165,0
THD0448,692,0,0,0,334,34,128,3460,44,0,0,0,0,1,102,92,9.635659217834473,0
THR0873,740,24,2,0,5032,1566,2307,58820,4803,8525,488,54,5466,2,216,999,143.4202013015747,0
TIW0299,692,0,0,0,337,79,97,3460,118,0,0,0,0,1,56,70,9.646946907043457,0
TJB0302,692,0,0,0,334,37,82,3460,139,0,0,0,0,1,65,69,9.471833229064941,0
TJD0996,692,0,0,0,3015,1212,959,32870,1047,0,0,0,0,1,124,384,87.12703514099121,0
TJG0582,692,0,0,0,336,0,123,3450,51,0,0,0,0,1,81,90,9.64923095703125,0
TLH0648,692,346,0,0,1011,0,525,10034,462,0,0,0,0,1,154,284,28.844053268432617,0
TLK0993,692,346,0,0,3014,0,1014,32870,1492,0,0,0,0,1,127,366,86.83119297027588,0
TLM0797,692,0,0,0,3009,1166,1407,32870,2713,0,0,0,0,1,183,595,86.73231506347656,0
TMA0069,692,0,0,0,3057,608,1240,32870,3361,0,0,0,0,1,225,514,86.90062046051025,0
TNM0961,772,0,0,0,247,88,108,2525,222,526,33,0,984,3,116,74,7.1822404861450195,1
TOR0193,1007,0,0,0,3640,1510,1587,39330,1362,0,0,0,0,3,187,480,103.65942287445068,0
TPH0474,692,0,0,0,388,0,146,3460,208,0,0,0,0,1,98,102,11.107696533203125,0
TQS0212,704,0,0,0,4661,1407,1822,49478,4757,0,0,0,0,7,150,716,133.24113368988037,0
TRK0914,691,0,0,0,3002,623,871,32870,4665,0,0,0,0,1,78,364,85.93779182434082,0
TSB0437,692,0,0,0,1020,110,472,10034,803,0,0,0,0,1,123,237,28.933727264404297,0
TSG0906,954,0,0,0,1008,421,333,10005,992,0,0,0,0,1,65,184,29.03130054473877,0
TSM0363,2794,1350,0,0,3629,752,1044,39400,4900,0,0,0,0,624,125,459,103.67068290710449,0
TSM0927,692,0,0,0,3096,622,1358,32870,2867,0,0,0,0,1,175,563,87.73471450805664,0
TSR0676,965,0,0,0,3015,908,1237,34600,1314,532,36,0,1424,1,158,543,87.51025295257568,0
TTD1000,692,0,0,0,3000,608,1606,32870,1749,0,0,0,0,1,210,585,86.36442565917969,0
TUC0632,692,346,0,0,1019,0,394,10034,538,0,0,0,0,1,165,201,28.93982696533203,0
TVS0006,996,0,0,0,8994,3636,3252,98610,616,0,0,0,0,3,105,1062,257.26476287841797,0
TVS0050,1339,131,18,0,6253,1880,1509,65740,1273,0,0,0,0,3,139,623,178.4848051071167,0
TYB0779,962,0,0,0,989,420,317,10034,2000,0,0,0,0,1,107,176,28.71396827697754,0
UAD0771,1014,0,0,0,996,309,439,10034,1794,1873,105,0,1384,2,153,249,28.015775680541992,0
UBF0645,692,346,0,0,1005,0,444,10005,557,0,0,0,0,1,137,225,28.91097927093506,0
UCH0519,558,0,0,0,812,155,202,8091,379,0,0,0,0,1,64,123,23.293667793273926,0
UCS0227,692,0,0,0,3048,0,1507,32870,1671,0,0,0,0,1,199,647,86.87839698791504,0
UFK0208,1140,0,0,0,4709,911,1939,49478,1754,0,0,0,0,2,192,798,135.6062831878662,0
UIR0043,2860,1379,0,0,3720,761,1911,39375,3819,0,0,0,0,631,220,751,106.7138204574585,0
UJC0737,692,0,0,0,4987,1011,1920,56052,4800,0,0,0,0,1,154,885,142.28274059295654,0
USH0199,698,0,0,0,3052,952,1373,32870,2152,142,10,0,222,4,209,349,88.00257205963135,0
VAA0087,1108,0,0,0,3011,922,811,32870,2701,0,0,0,0,3,147,379,86.06563949584961,0
VCC0396,1138,71,8,0,3021,1226,1508,32870,2019,1616,88,1,1433,2,258,642,87.04852485656738,0
VCY0751,966,0,0,0,5021,2010,1495,56052,5772,0,0,0,0,1,100,693,143.45891284942627,0
VEB0935,692,0,0,0,3011,0,1116,32870,3964,0,0,0,0,1,126,494,85.98744583129883,0
VFM0814,767,241,0,0,2110,227,837,22800,1030,122,7,4,180,2,196,350,60.47899341583252,0
VIA0063,692,0,0,0,4701,439,1736,49478,2402,8524,462,0,5488,1,191,731,134.9416217803955,0
VLB0647,692,346,0,0,1018,389,291,10034,355,0,0,0,0,1,101,168,28.943218231201172,0
VMJ0147,692,0,0,0,4711,1846,1836,49478,2036,0,0,0,0,1,159,598,135.68476104736328,0
VMJ0546,962,0,0,0,3016,1235,1264,32870,3101,3373,199,0,1410,1,173,493,86.97267532348633,0
VSA0230,905,0,0,0,2587,762,1334,28120,2434,389,27,0,194,3,225,536,74.18780708312988,0
VSS0154,427,0,0,0,2301,675,663,24506,1562,405,35,0,922,1,106,176,66.53373622894287,1
VTT0385,758,0,0,0,2964,314,1460,32870,2398,409,22,0,5470,32,208,581,84.73150444030762,0
WAB0143,508,0,0,0,2211,0,881,24130,202,0,0,0,0,1,160,229,63.161946296691895,0
WAS0254,963,0,0,0,3052,604,1500,32870,2432,0,0,0,0,1,223,582,87.82382297515869,0
WBC0192,1034,0,0,0,4704,1863,1365,51900,5160,415,26,0,266,3,74,500,135.355149269104,0
WBC0315,692,0,0,0,5019,1039,1796,55728,2812,0,0,0,0,1,130,817,143.81844806671143,0
WDD0366,2669,1146,0,0,3215,994,1436,34850,1456,6,0,6,12,570,178,660,92.2466812133789,1
WDO0870,876,117,10,0,4628,474,2114,58820,3426,0,0,0,0,21,221,922,132.70021629333496,0
WDV0573,982,98,13,0,353,122,88,3114,100,0,0,0,0,3,85,70,10.126643180847168,0
WGR0833,692,0,0,0,339,0,136,3460,231,0,0,0,0,1,86,99,9.462502479553223,0
WGS0516,692,0,0,0,1006,0,402,10034,313,0,0,0,0,1,147,205,28.329373359680176,0
WIF0691,972,0,0,0,3013,291,1479,34600,1132,8267,473,0,5455,2,257,611,86.8664665222168,0
WIQ0567,1240,0,267,0,3876,1554,1202,41990,2128,1955,119,0,867,1,144,524,109.67031574249268,0
WJD0576,692,0,0,0,334,35,158,3460,167,0,0,0,0,1,155,105,9.579246520996094,0
WKD0013,814,54,12,0,6076,623,2440,65740,3154,0,0,0,0,3,158,827,174.37657260894775,0
WKF0012,692,0,0,0,6056,1211,2421,65740,2412,0,0,0,0,1,172,934,173.2461919784546,0
WLV0566,692,0,0,0,3007,288,967,32870,1440,0,0,0,0,1,148,401,86.44476127624512,0
WNB0908,954,0,0,0,999,309,446,10034,484,0,0,0,0,1,175,252,27.972830772399902,0
WPE0538,692,0,0,0,1007,411,382,10005,559,0,0,0,0,1,122,222,28.485361099243164,0
WPR0368,3470,1559,650,0,4534,431,1833,48533,1266,0,0,0,0,720,187,793,129.61302280426025,0
WRM0963,509,0,0,0,168,58,71,1740,89,0,0,0,0,3,88,48,4.691523551940918,0
WSR0241,842,0,0,0,3349,1032,1033,32870,3013,0,0,0,0,30,156,425,95.53413772583008,0
WTF0387,692,0,0,0,3034,618,1242,32775,2990,0,0,0,0,1,180,541,86.92005348205566,0
WTR0563,692,0,0,0,2992,0,973,32870,549,0,0,0,0,1,167,424,86.14213848114014,0
WVB0539,692,0,0,0,4629,467,2282,49478,5278,0,0,0,0,1,217,1048,132.3213586807251,0
WXH0872,950,33,1,0,5074,1525,2238,56052,2243,826,39,5,1403,3,178,960,143.95132541656494,0
XAA0104,967,0,0,0,3039,932,1130,32870,2167,437,26,0,274,1,141,573,87.23418235778809,0
XBN0229,692,0,0,0,2991,608,1162,32870,789,0,0,0,0,1,144,502,85.33892059326172,0
XHG0902,692,0,0,0,1013,232,443,10034,398,0,0,0,0,1,139,258,29.233389854431152,0
XHW0498,390,0,0,0,2827,1100,1425,31690,3512,386,29,0,846,1,198,656,81.82303047180176,1
XLB0710,692,0,0,0,338,0,94,3460,243,0,0,0,0,1,51,74,9.656116485595703,0
XRS0633,958,346,0,0,1012,216,445,10034,201,0,0,0,0,1,108,251,28.88931179046631,0
XWD0923,688,0,0,0,2443,764,1139,23750,2515,5915,353,0,1047,1,194,473,70.27942276000977,0
YCE0983,692,0,0,0,3027,1217,1309,32870,2882,0,0,0,0,1,156,476,86.90606212615967,0
YDN0198,976,0,0,0,3693,1102,1114,39444,2595,0,0,0,0,2,87,302,104.867995262146,0
YEV0793,692,0,0,0,3005,607,1215,32870,3320,0,0,0,0,1,147,511,85.7264814376831,0
YIC0195,1174,0,233,0,3716,1149,1899,40128,1083,0,0,0,0,3,137,534,106.61640644073486,0
YJF0532,1150,0,0,0,994,285,286,10034,581,0,0,0,0,3,60,168,28.410451889038086,0
YJV0699,692,0,0,0,340,0,202,3460,191,0,0,0,0,1,183,136,9.91015911102295,0
YWW0660,522,261,0,0,771,0,329,7569,662,0,0,0,0,1,132,194,22.096877098083496,0
ZCF0590,692,0,0,0,329,0,146,3450,249,0,0,0,0,1,114,108,9.21497631072998,0
ZDW0859,991,0,0,0,5020,1542,1947,52938,9967,0,0,0,0,18,135,878,142.08209609985352,0
ZFM0468,692,0,0,0,336,79,155,3460,276,0,0,0,0,1,130,100,9.909802436828613,0
ZJE0857,786,0,34,0,5362,530,2313,59454,3620,0,0,0,0,2,200,994,154.19449996948242,0
ZJS0269,692,0,0,0,3010,0,865,32870,583,0,0,0,0,1,92,415,85.93905925750732,0
ZKS0899,770,0,0,0,1015,104,496,9976,850,8537,445,0,5968,2,130,278,28.936574935913086,0
ZMC0284,692,0,0,0,2997,627,784,32870,514,0,0,0,0,1,109,369,85.73672008514404,0
ZSB0649,692,346,0,0,1017,413,346,10034,519,0,0,0,0,1,101,207,28.749942779541016,0
ZSK0258,692,0,0,0,3000,325,1256,32870,2936,0,0,0,0,1,173,538,84.6181287765503,0
ZSL0305,692,0,0,0,337,39,173,3450,109,0,0,0,0,1,163,118,9.787017822265625,0
